tract_geoid,acs_total_pop,acs_total_pop_moe,acs_under18,acs_under18_moe,acs_youth_share,acs_youth_share_moe,acs_poverty_universe,acs_poverty_n,acs_poverty_rate,acs_poverty_rate_moe,acs_youth_share_unreliable,acs_release
42003010301,1855.0,55.0,24.0,39.20459156782532,0.01293800539083558,0.021131069061586526,0.0,0.0,,,True,ACS 2024 5-year
42003010302,4754.0,183.0,166.0,63.419239982831705,0.034917963819941104,0.01327229659472958,822.0,231.0,0.28102189781021897,0.10842676222303897,False,ACS 2024 5-year
42003020100,4600.0,527.0,73.0,49.57822102496216,0.015869565217391305,0.010623421416431543,3395.0,666.0,0.19617083946980854,0.0495007444791057,True,ACS 2024 5-year
42003020300,1928.0,287.0,55.0,53.71219600798314,0.028526970954356846,0.027533478539593714,1928.0,145.0,0.07520746887966805,0.06491303790944448,True,ACS 2024 5-year
42003030500,2978.0,498.0,447.0,200.61405733397646,0.15010073875083949,0.06251433837032035,2970.0,1028.0,0.3461279461279461,0.15547301510112074,False,ACS 2024 5-year
42003040200,2102.0,259.0,110.0,32.109188716004645,0.05233111322549953,0.013847927237110199,1090.0,690.0,0.6330275229357798,0.09118577272443398,False,ACS 2024 5-year
42003040400,1603.0,240.0,4.0,35.552777669262355,0.002495321272613849,0.022175753804398797,1327.0,257.0,0.19366993217784476,0.06447378927413612,True,ACS 2024 5-year
42003040500,3081.0,553.0,0.0,33.94112549695428,0.0,0.011016269229780681,2269.0,1810.0,0.7977082415160864,0.10504284695207894,True,ACS 2024 5-year
42003040600,2337.0,456.0,0.0,33.94112549695428,0.0,0.014523374196386083,2337.0,1828.0,0.7821994009413779,0.11599243691196792,True,ACS 2024 5-year
42003040900,3280.0,502.0,75.0,63.655321851358195,0.022865853658536585,0.01908897047264278,3202.0,1791.0,0.5593379138038725,0.10547211586017481,True,ACS 2024 5-year
42003050100,1746.0,434.0,539.0,282.78260201080263,0.3087056128293242,0.14262874108111637,1741.0,734.0,0.4215967834577829,0.12848961759201105,False,ACS 2024 5-year
42003050600,1550.0,356.0,283.0,146.34206503941374,0.18258064516129033,0.08459038289524662,1550.0,217.0,0.14,0.05815396121499203,False,ACS 2024 5-year
42003050900,1545.0,251.0,582.0,190.0815614413981,0.3766990291262136,0.1067294527831066,1545.0,970.0,0.627831715210356,0.10394694668084532,False,ACS 2024 5-year
42003051000,2382.0,281.0,69.0,62.13694553162394,0.028967254408060455,0.025861247227382988,1248.0,386.0,0.3092948717948718,0.15985878376894505,True,ACS 2024 5-year
42003051100,807.0,204.0,454.0,162.32991098377403,0.5625774473358116,0.1422594291981861,807.0,733.0,0.9083023543990086,0.1811131494088185,False,ACS 2024 5-year
42003060300,2724.0,329.0,100.0,88.10788840960836,0.03671071953010279,0.032039702102179275,2724.0,305.0,0.1119676945668135,0.04308157090974775,True,ACS 2024 5-year
42003060500,1115.0,195.0,31.0,29.748949561287034,0.02780269058295964,0.026233867153281753,1115.0,137.0,0.12286995515695068,0.05707542982880399,True,ACS 2024 5-year
42003070300,2077.0,326.0,125.0,65.18435395092905,0.0601829561868079,0.029928570412857708,1951.0,292.0,0.1496668375192209,0.07756472696730522,False,ACS 2024 5-year
42003070500,2989.0,375.0,185.0,97.30878685915265,0.061893609902977584,0.03161599778651511,2978.0,466.0,0.15648085963734049,0.04493802905868551,True,ACS 2024 5-year
42003070600,2090.0,427.0,122.0,54.954526656136345,0.05837320574162679,0.023433873389615542,2069.0,293.0,0.1416143064282262,0.03420894671016153,False,ACS 2024 5-year
42003070800,2618.0,370.0,242.0,93.95211546314431,0.09243697478991597,0.03342463168583292,2618.0,283.0,0.10809778456837281,0.03542521917776208,False,ACS 2024 5-year
42003070900,4444.0,536.0,498.0,198.53463173965392,0.11206120612061206,0.0425811425471385,3883.0,1023.0,0.26345609065155806,0.05835721318304049,False,ACS 2024 5-year
42003080200,1637.0,179.0,101.0,63.198101237299845,0.06169822846670739,0.03801199838307084,1637.0,126.0,0.07697006719609041,0.032526802819848044,True,ACS 2024 5-year
42003080400,1568.0,232.0,71.0,59.86651818838306,0.04528061224489796,0.03758776666602507,1568.0,279.0,0.17793367346938777,0.09660444969088502,True,ACS 2024 5-year
42003080600,2054.0,314.0,274.0,115.22586515188333,0.13339824732229796,0.052260366288363815,2054.0,127.0,0.06183057448880234,0.034765210008713854,False,ACS 2024 5-year
42003080700,1935.0,261.0,143.0,80.09369513263825,0.07390180878552971,0.0401738860853251,1933.0,208.0,0.10760475944128298,0.030898287529142882,True,ACS 2024 5-year
42003080900,1877.0,258.0,132.0,69.7137002317335,0.07032498668087374,0.03586106748503789,1809.0,299.0,0.16528468767274737,0.08579569980956943,True,ACS 2024 5-year
42003090100,2019.0,305.0,87.0,52.820450584977024,0.04309063893016345,0.02533891520193912,2008.0,177.0,0.08814741035856574,0.05412429889470475,True,ACS 2024 5-year
42003090200,2635.0,277.0,195.0,61.28621378417825,0.07400379506641366,0.021918895188747206,2367.0,290.0,0.12251795521757498,0.07339078909322094,False,ACS 2024 5-year
42003090300,1384.0,387.0,171.0,162.53614982520043,0.12355491329479769,0.11224253171934044,1373.0,136.0,0.09905316824471959,0.04316795111868753,True,ACS 2024 5-year
42003100500,2016.0,223.0,351.0,92.5418824100742,0.17410714285714285,0.041668290677929376,1965.0,346.0,0.17608142493638676,0.058813238835704,False,ACS 2024 5-year
42003101100,2549.0,425.0,177.0,85.81957818586619,0.06943899568458219,0.03161466241056348,2549.0,447.0,0.1753628874068262,0.06984275993712435,False,ACS 2024 5-year
42003101400,3222.0,400.0,536.0,147.84789481084943,0.16635630043451272,0.04097668054756754,3222.0,212.0,0.06579764121663563,0.04077898991115264,False,ACS 2024 5-year
42003101800,2573.0,330.0,362.0,142.79005567615695,0.14069179945588806,0.05248004571997559,2573.0,184.0,0.07151185386708123,0.06425347873233399,False,ACS 2024 5-year
42003101900,2803.0,373.0,718.0,249.92798962901293,0.2561541205850874,0.08239166814529153,2803.0,881.0,0.31430610060649306,0.1274547847064737,False,ACS 2024 5-year
42003110200,4241.0,734.0,570.0,183.58649187780674,0.13440226361707144,0.03650759427118618,4240.0,361.0,0.08514150943396226,0.04703726452217028,False,ACS 2024 5-year
42003110600,2364.0,270.0,525.0,125.51095569710239,0.22208121827411167,0.04664186042624912,2364.0,169.0,0.07148900169204737,0.05609244182762375,False,ACS 2024 5-year
42003111300,2927.0,457.0,443.0,156.43209389380428,0.15134950461223096,0.04793653679355236,2667.0,248.0,0.09298837645294339,0.04845173759628713,False,ACS 2024 5-year
42003111400,1235.0,299.0,74.0,63.75735251718032,0.05991902834008097,0.04954529090106341,1235.0,215.0,0.17408906882591094,0.08029892008533714,True,ACS 2024 5-year
42003111500,3718.0,614.0,354.0,214.28019040499288,0.09521247982786445,0.05544683657020124,3718.0,680.0,0.1828940290478752,0.12053372643020774,True,ACS 2024 5-year
42003120300,1507.0,545.0,477.0,207.53794833716555,0.3165228931652289,0.07656698780691255,1507.0,602.0,0.39946914399469147,0.1645627639357805,False,ACS 2024 5-year
42003120900,1473.0,303.0,316.0,112.39661916623649,0.21452817379497624,0.062249628871929655,1311.0,430.0,0.32799389778794813,0.0975852871785615,False,ACS 2024 5-year
42003130200,1073.0,358.0,156.0,74.28997240543302,0.14538676607642126,0.0494026402368414,1058.0,166.0,0.15689981096408318,0.11255067418441304,False,ACS 2024 5-year
42003130600,3994.0,559.0,1683.0,468.28837269357865,0.4213820731096645,0.10133530895696762,3994.0,2040.0,0.5107661492238358,0.15672456598042236,False,ACS 2024 5-year
42003130700,2334.0,409.0,643.0,236.53540961133072,0.2754927163667524,0.08910606679438701,2332.0,1190.0,0.5102915951972555,0.16317379030973936,False,ACS 2024 5-year
42003130800,2186.0,458.0,807.0,245.17748673155128,0.36916742909423605,0.08122191990337714,2186.0,695.0,0.31793229643183896,0.09408587398805839,False,ACS 2024 5-year
42003140100,6246.0,404.0,684.0,198.9572818471342,0.10951008645533142,0.031056015323578216,2657.0,369.0,0.13887843432442604,0.10159762798951953,False,ACS 2024 5-year
42003140200,2537.0,471.0,407.0,168.7424072365924,0.1604256996452503,0.05947160256522057,1880.0,369.0,0.19627659574468084,0.05820790155049565,False,ACS 2024 5-year
42003140300,3400.0,392.0,573.0,138.1195134656939,0.16852941176470587,0.0356751613183707,3400.0,379.0,0.11147058823529411,0.06970750709085115,False,ACS 2024 5-year
42003140400,2200.0,334.0,401.0,68.23488843692792,0.18227272727272728,0.014008087171895466,2200.0,128.0,0.05818181818181818,0.029620077478343967,False,ACS 2024 5-year
42003140500,2338.0,361.0,217.0,84.69356528095862,0.09281437125748503,0.033269455882991565,2338.0,242.0,0.10350727117194183,0.062134891397738014,False,ACS 2024 5-year
42003140800,4731.0,601.0,1156.0,231.94180304550537,0.24434580426971042,0.037947885673533154,4683.0,514.0,0.10975870168695281,0.03922701018226167,False,ACS 2024 5-year
42003141100,1369.0,183.0,193.0,68.81133627535509,0.14097881665449233,0.04659743608218283,1369.0,106.0,0.07742878013148284,0.04032925027390063,False,ACS 2024 5-year
42003141200,4197.0,401.0,741.0,147.2412985544477,0.17655468191565404,0.03076077972214501,4179.0,266.0,0.06365159128978225,0.030746432368441625,False,ACS 2024 5-year
42003141300,4717.0,514.0,437.0,193.225257148231,0.0926436294254823,0.03970017246299938,4457.0,1128.0,0.25308503477675565,0.09897874654045584,False,ACS 2024 5-year
42003141400,5362.0,656.0,1045.0,273.64941074301623,0.1948899664304364,0.04512275422847695,5262.0,326.0,0.06195362979855568,0.031957134699872276,False,ACS 2024 5-year
42003151600,2413.0,325.0,273.0,89.83874442577657,0.11313717364276833,0.03396995176163521,2413.0,180.0,0.07459593866556154,0.04785853982854276,False,ACS 2024 5-year
42003151700,4169.0,649.0,429.0,133.63382805263043,0.10290237467018469,0.027764330443750523,4169.0,508.0,0.12185176301271287,0.08399651745585011,False,ACS 2024 5-year
42003160800,2384.0,553.0,237.0,147.35671006099452,0.09941275167785235,0.05734801657274194,2384.0,385.0,0.16149328859060402,0.05968839775717271,True,ACS 2024 5-year
42003160900,3603.0,482.0,135.0,102.11757928975794,0.03746877601998335,0.027895615099723044,3603.0,851.0,0.23619206217041355,0.07913162063122248,True,ACS 2024 5-year
42003161000,3200.0,782.0,904.0,301.5194852741693,0.2825,0.06412768236881866,3200.0,1242.0,0.388125,0.19572965540254192,False,ACS 2024 5-year
42003170200,3732.0,606.0,300.0,183.24300805214915,0.08038585209003216,0.04733367251793585,3732.0,559.0,0.1497856377277599,0.09168404537105829,True,ACS 2024 5-year
42003170600,1701.0,289.0,43.0,40.963398296528084,0.025279247501469725,0.023695860311620194,1701.0,316.0,0.18577307466196355,0.08171146391506885,True,ACS 2024 5-year
42003180300,1837.0,339.0,267.0,123.30855606972291,0.14534567229178008,0.06153321031019651,1837.0,453.0,0.24659771366358194,0.08058012410090297,False,ACS 2024 5-year
42003180700,2396.0,414.0,254.0,118.32159566199232,0.10601001669449082,0.04586017680181651,2396.0,585.0,0.24415692821368948,0.1585051778994002,False,ACS 2024 5-year
42003190300,2030.0,287.0,245.0,136.93429081132308,0.1206896551724138,0.06526157332915139,2030.0,50.0,0.024630541871921183,0.01939429403713319,True,ACS 2024 5-year
42003191100,2346.0,298.0,159.0,66.52818951391959,0.06777493606138107,0.027019760612815105,2346.0,244.0,0.10400682011935208,0.039179460722663324,False,ACS 2024 5-year
42003191400,2486.0,339.0,207.0,93.69631796394135,0.083266291230893,0.03593856661473499,2486.0,415.0,0.166934835076428,0.06277392613309274,False,ACS 2024 5-year
42003191500,1799.0,366.0,21.0,40.80441152620633,0.011673151750972763,0.022557047493876974,1799.0,189.0,0.10505836575875487,0.08403943659198368,True,ACS 2024 5-year
42003191600,3600.0,487.0,533.0,158.56859714331839,0.14805555555555555,0.039229804684483865,3575.0,332.0,0.09286713286713287,0.04761877095682371,False,ACS 2024 5-year
42003191700,3193.0,690.0,656.0,181.71130949943648,0.2054494206075791,0.03560278706320685,3192.0,433.0,0.13565162907268172,0.11408633345837127,False,ACS 2024 5-year
42003191800,5737.0,752.0,692.0,297.5516761841546,0.12062053337981524,0.049396716856422516,5737.0,248.0,0.04322816803207251,0.03103658581899109,False,ACS 2024 5-year
42003191900,2320.0,265.0,306.0,124.23767544509194,0.13189655172413794,0.05138776529717159,2320.0,342.0,0.14741379310344827,0.10948865779336783,False,ACS 2024 5-year
42003192000,3212.0,574.0,456.0,168.9733706830754,0.14196762141967623,0.04608507229541386,3212.0,329.0,0.10242839352428394,0.043301278663708635,False,ACS 2024 5-year
42003202200,2527.0,569.0,363.0,148.2025640803829,0.14364859517214087,0.048921770098004365,2527.0,605.0,0.23941432528690146,0.10041333675727768,False,ACS 2024 5-year
42003202300,3750.0,808.0,582.0,307.8035087519309,0.1552,0.07496010848678974,3718.0,260.0,0.06993006993006994,0.03591657897803106,False,ACS 2024 5-year
42003241300,3766.0,522.0,480.0,201.0024875467963,0.12745618693574085,0.050364317972148145,3766.0,543.0,0.14418481147105683,0.06441656531173982,False,ACS 2024 5-year
42003250900,1255.0,316.0,323.0,114.3634557015483,0.25737051792828686,0.06406582695749073,1255.0,471.0,0.3752988047808765,0.14384922812746664,False,ACS 2024 5-year
42003260200,2117.0,281.0,455.0,133.83945606584032,0.21492678318375058,0.05641866993281558,2095.0,419.0,0.2,0.08011497709949757,False,ACS 2024 5-year
42003260700,1674.0,403.0,289.0,87.27542609463445,0.17264038231780168,0.03147671017696973,1664.0,287.0,0.17247596153846154,0.06472692989934263,False,ACS 2024 5-year
42003261300,2815.0,725.0,928.0,266.97752714413997,0.32966252220248665,0.042262268305313384,2794.0,863.0,0.3088761632068719,0.13055643386954113,False,ACS 2024 5-year
42003261400,1870.0,486.0,261.0,171.262955714305,0.139572192513369,0.0840947274213277,1800.0,548.0,0.30444444444444446,0.18772406736259045,True,ACS 2024 5-year
42003261500,1682.0,591.0,354.0,132.83071933856263,0.21046373365041618,0.027711771787998538,1669.0,348.0,0.2085080886758538,0.0989708514266818,False,ACS 2024 5-year
42003262000,2643.0,504.0,641.0,268.21260223934297,0.2425274309496784,0.09032925410528893,2482.0,737.0,0.2969379532634972,0.16344262929451409,False,ACS 2024 5-year
42003270100,2419.0,345.0,300.0,96.27564593395361,0.12401818933443572,0.03565348509422135,2414.0,134.0,0.05550952775476388,0.03600968750900957,False,ACS 2024 5-year
42003270300,2107.0,459.0,418.0,121.5236602477065,0.19838633127669672,0.03819403675111662,2099.0,481.0,0.22915674130538352,0.04142490656277052,False,ACS 2024 5-year
42003270800,2497.0,379.0,385.0,138.14123207789916,0.15418502202643172,0.0501292585382967,2419.0,163.0,0.06738321620504341,0.04383241858007342,False,ACS 2024 5-year
42003271600,4472.0,511.0,1037.0,283.26842393743783,0.23188729874776387,0.057534381064102906,4472.0,1386.0,0.3099284436493739,0.0905960362466824,False,ACS 2024 5-year
42003281400,2542.0,376.0,597.0,243.4440387440202,0.23485444531864674,0.08924618001943627,2542.0,882.0,0.34697088906372936,0.053251711204268665,False,ACS 2024 5-year
42003281500,1552.0,345.0,458.0,145.46477236774544,0.29510309278350516,0.06694401100836322,1552.0,233.0,0.15012886597938144,0.0725932328643307,False,ACS 2024 5-year
42003290100,1764.0,420.0,407.0,150.22649566571138,0.23072562358276644,0.06507548144769411,1764.0,279.0,0.15816326530612246,0.07433925936069183,False,ACS 2024 5-year
42003290200,3840.0,465.0,514.0,174.0258601472781,0.13385416666666666,0.042321442219257294,3840.0,851.0,0.22161458333333334,0.07916903800063683,False,ACS 2024 5-year
42003290400,3552.0,534.0,439.0,200.70874420413278,0.12359234234234234,0.053363574367280606,3519.0,401.0,0.11395282750781471,0.06311845725900488,False,ACS 2024 5-year
42003300100,3513.0,872.0,832.0,298.3152694717453,0.2368346142897808,0.061278378346580974,3460.0,1295.0,0.37427745664739887,0.24916757399552905,False,ACS 2024 5-year
42003310200,3249.0,330.0,503.0,166.14451540752106,0.15481686672822406,0.04865941937575975,3242.0,453.0,0.13972856261566935,0.06982712446659672,False,ACS 2024 5-year
42003320400,1843.0,200.0,295.0,85.78461400507669,0.16006511123168746,0.04318365515114924,1843.0,242.0,0.13130765056972327,0.0652000931789095,False,ACS 2024 5-year
42003320600,2263.0,371.0,401.0,157.680055809224,0.17719840919133892,0.06333270797554555,2263.0,307.0,0.13566062748563854,0.07360227384488814,False,ACS 2024 5-year
42003320700,1754.0,300.0,363.0,102.44510725261603,0.20695553021664767,0.046458215105475764,1754.0,55.0,0.03135689851767389,0.01922013689341374,False,ACS 2024 5-year
42003401100,4488.0,463.0,490.0,143.78456106272327,0.10918003565062388,0.029992330071858437,4435.0,369.0,0.08320180383314543,0.035975446153584875,False,ACS 2024 5-year
42003401200,2573.0,390.0,476.0,193.59752064528098,0.18499805674310144,0.06982161448905513,2573.0,442.0,0.17178390983287992,0.10405959998464355,False,ACS 2024 5-year
42003401300,2888.0,415.0,595.0,215.29050141610986,0.20602493074792244,0.06841573479528612,2847.0,169.0,0.0593607305936073,0.04376109803666902,False,ACS 2024 5-year
42003402000,3167.0,30.0,522.0,161.83324751113412,0.16482475528891696,0.05107599863247711,3033.0,459.0,0.1513353115727003,0.06617891445937185,False,ACS 2024 5-year
42003403500,4249.0,20.0,847.0,282.03545876361005,0.19934102141680396,0.06637027035559977,4249.0,627.0,0.1475641327371146,0.06589419766363554,False,ACS 2024 5-year
42003404000,1389.0,148.0,290.0,53.85164807134504,0.2087832973362131,0.03175259799821168,1379.0,177.0,0.12835387962291517,0.057122413684528625,False,ACS 2024 5-year
42003405000,1040.0,149.0,152.0,39.11521443121589,0.14615384615384616,0.031242833812973856,1040.0,84.0,0.08076923076923077,0.03465766691863365,False,ACS 2024 5-year
42003406000,2197.0,309.0,459.0,128.58849093134268,0.20892125625853436,0.050618560366013206,2197.0,239.0,0.10878470641784252,0.06185918301409496,False,ACS 2024 5-year
42003407001,5647.0,558.0,874.0,222.56459736445058,0.15477244554630779,0.036324667211722096,5646.0,395.0,0.06996103436060928,0.047855898205555,False,ACS 2024 5-year
42003407002,6581.0,556.0,1212.0,312.07210705220035,0.18416654003950766,0.04479482406752413,6460.0,598.0,0.09256965944272445,0.05735380811931681,False,ACS 2024 5-year
42003408001,5564.0,562.0,1262.0,261.8205492317209,0.22681524083393242,0.04110260590521063,5464.0,327.0,0.059846266471449486,0.034409841494665735,False,ACS 2024 5-year
42003408002,6280.0,562.0,1331.0,266.4376099577535,0.21194267515923568,0.037950701800057926,6280.0,215.0,0.03423566878980892,0.025292823027641805,False,ACS 2024 5-year
42003409001,9530.0,700.0,2505.0,509.3181716766053,0.26285414480587616,0.04983429237554162,9497.0,501.0,0.0527535011056123,0.03971745994361583,False,ACS 2024 5-year
42003409002,5694.0,703.0,1927.0,367.81109281803884,0.3384264137688795,0.049262941372873584,5694.0,169.0,0.02968036529680365,0.04022683677058774,False,ACS 2024 5-year
42003410000,1194.0,221.0,306.0,81.25269226308751,0.2562814070351759,0.04879316283645383,1194.0,23.0,0.019262981574539362,0.014647686641580539,False,ACS 2024 5-year
42003411001,4133.0,389.0,1023.0,178.64489917151286,0.24751996128720058,0.03640851745770438,4133.0,91.0,0.02201790466973143,0.020218291952836073,False,ACS 2024 5-year
42003411002,6093.0,388.0,1573.0,344.15694094409895,0.25816510750041033,0.05403861554664169,6008.0,260.0,0.043275632490013316,0.04668696609507603,False,ACS 2024 5-year
42003412002,4959.0,465.0,1327.0,198.9070134510093,0.26759427303891914,0.03129260579981462,4959.0,20.0,0.004033071183706392,0.005835712401078488,False,ACS 2024 5-year
42003412003,6251.0,588.0,1782.0,329.40856090879,0.2850743880979043,0.0453640367769981,6251.0,11.0,0.0017597184450487923,0.0027145227239077654,False,ACS 2024 5-year
42003412004,4025.0,600.0,975.0,239.66226236101502,0.2422360248447205,0.04734455659480744,4025.0,70.0,0.017391304347826087,0.007778085312480756,False,ACS 2024 5-year
42003413100,6862.0,592.0,1526.0,322.40347392669327,0.22238414456426697,0.04288822597309194,6701.0,297.0,0.04432174302342934,0.031243430561556634,False,ACS 2024 5-year
42003413201,3858.0,529.0,901.0,258.4337439267558,0.23354069466044583,0.05883656152967284,3858.0,145.0,0.03758424053913945,0.019281717777426106,False,ACS 2024 5-year
42003413202,2686.0,315.0,479.0,121.40840168620952,0.17833209233060313,0.040071076825918234,2686.0,93.0,0.03462397617274758,0.02762574210581995,False,ACS 2024 5-year
42003413300,4491.0,395.0,841.0,157.797338380595,0.18726341572032953,0.031036838203087617,4313.0,103.0,0.023881289125898448,0.01350270052035191,False,ACS 2024 5-year
42003413400,4486.0,539.0,1127.0,228.81870552907165,0.251226036558181,0.04111687045838702,4486.0,35.0,0.00780205082478823,0.0070714388733489775,False,ACS 2024 5-year
42003413500,6717.0,570.0,1006.0,253.57641846196975,0.14976924222122973,0.03554777759754908,6170.0,438.0,0.07098865478119935,0.03025109834944088,False,ACS 2024 5-year
42003414101,5517.0,625.0,1189.0,254.4975441924735,0.215515678810948,0.03913897139126743,5517.0,240.0,0.043501903208265365,0.03408457667257874,False,ACS 2024 5-year
42003414102,6775.0,797.0,1678.0,378.4468258553637,0.24767527675276751,0.04765867376358521,6775.0,281.0,0.0414760147601476,0.023106715484576927,False,ACS 2024 5-year
42003414200,5893.0,806.0,1588.0,446.1221805738872,0.26947225521805535,0.0661261269913312,5817.0,190.0,0.03266288464844422,0.03842257981107051,False,ACS 2024 5-year
42003415001,4834.0,281.0,1037.0,189.62594759156775,0.21452213487794786,0.0371926805862725,4719.0,234.0,0.049586776859504134,0.020770189396581373,False,ACS 2024 5-year
42003415002,2475.0,281.0,487.0,124.77179168385777,0.19676767676767676,0.045192647997993635,2466.0,103.0,0.041768045417680456,0.02510018981835011,False,ACS 2024 5-year
42003416000,1436.0,158.0,158.0,35.0,0.11002785515320335,0.02115413434023669,1436.0,174.0,0.12116991643454039,0.05909985768152446,False,ACS 2024 5-year
42003417100,2125.0,162.0,307.0,77.15568676384133,0.14447058823529413,0.034597811464429126,2125.0,26.0,0.01223529411764706,0.009365429586380971,False,ACS 2024 5-year
42003417200,1194.0,161.0,242.0,75.8617163001207,0.20268006700167504,0.05735756386514847,1194.0,103.0,0.08626465661641541,0.042837427735943845,False,ACS 2024 5-year
42003418000,1661.0,220.0,256.0,67.94115100585212,0.15412402167369055,0.035445670257630936,1661.0,113.0,0.06803130644190247,0.03248818707523226,False,ACS 2024 5-year
42003419000,3075.0,25.0,379.0,116.43453096053592,0.1232520325203252,0.03785162677935152,2847.0,422.0,0.14822620302072356,0.06461055802956013,False,ACS 2024 5-year
42003420000,1439.0,191.0,158.0,72.29107828771127,0.10979847116052814,0.04807667666511149,1439.0,240.0,0.16678248783877692,0.08183995479976658,False,ACS 2024 5-year
42003421100,4978.0,340.0,1227.0,231.80811029815158,0.24648453194053838,0.043416843721646704,4853.0,326.0,0.06717494333402019,0.03762146966966103,False,ACS 2024 5-year
42003421200,4131.0,340.0,896.0,172.16852209390657,0.2168966351972888,0.03766046272169361,4055.0,153.0,0.037731196054254006,0.034636043262064244,False,ACS 2024 5-year
42003422000,5246.0,24.0,1494.0,237.1160053644629,0.28478841021730844,0.04518060919147784,5246.0,169.0,0.03221502096835684,0.022874096308800614,False,ACS 2024 5-year
42003423000,2843.0,31.0,860.0,201.69035673526884,0.302497361941611,0.07086607152038574,2836.0,93.0,0.032792665726375174,0.020800449533904728,False,ACS 2024 5-year
42003424000,3119.0,20.0,548.0,227.556586369193,0.17569733889067007,0.07294948811470157,3064.0,532.0,0.17362924281984335,0.07464526552632818,False,ACS 2024 5-year
42003425000,3364.0,20.0,534.0,167.4365551485099,0.15873959571938168,0.049764106292584744,3364.0,600.0,0.178359096313912,0.08025458815440968,False,ACS 2024 5-year
42003426300,6068.0,803.0,1200.0,253.41862599264482,0.19775873434410018,0.032546634432710414,6044.0,277.0,0.04583057577763071,0.024908208705696582,False,ACS 2024 5-year
42003426400,4189.0,500.0,708.0,204.62404550785325,0.16901408450704225,0.04448763091377847,4189.0,614.0,0.14657436142277394,0.08828074567758985,False,ACS 2024 5-year
42003426700,2252.0,459.0,366.0,163.16556009158305,0.1625222024866785,0.06443800364804435,2252.0,139.0,0.06172291296625222,0.03227042590950146,False,ACS 2024 5-year
42003426800,5042.0,604.0,856.0,254.42287632994012,0.16977389924633082,0.046180674287516967,5042.0,119.0,0.02360174533915113,0.02622646087725379,False,ACS 2024 5-year
42003427000,3299.0,22.0,337.0,150.49584711878265,0.10215216732343134,0.04561353937938015,3299.0,567.0,0.17187026371627767,0.0772876523191607,False,ACS 2024 5-year
42003427100,5213.0,556.0,886.0,211.3764414498456,0.16995971609437943,0.03627033211738958,5193.0,163.0,0.03138840747159638,0.023838505564773325,False,ACS 2024 5-year
42003427200,4774.0,551.0,661.0,278.1186797034676,0.1384583158776707,0.05602230237253675,4732.0,439.0,0.09277261200338123,0.07553435699466812,False,ACS 2024 5-year
42003428100,1105.0,161.0,155.0,67.43886120034946,0.14027149321266968,0.05750685141172208,1098.0,26.0,0.023679417122040074,0.024346865284315077,False,ACS 2024 5-year
42003428200,2075.0,158.0,350.0,108.07867504739313,0.1686746987951807,0.05047774751350988,2066.0,127.0,0.06147144240077444,0.08263502003471888,False,ACS 2024 5-year
42003429100,2485.0,375.0,519.0,143.05243793798132,0.20885311871227363,0.048172208092055885,2449.0,152.0,0.0620661494487546,0.023904861060471728,False,ACS 2024 5-year
42003429201,4801.0,436.0,952.0,217.55688911179072,0.19829202249531347,0.04158318493926654,4589.0,227.0,0.049466114621921985,0.03322930878619359,False,ACS 2024 5-year
42003429202,4385.0,415.0,950.0,176.2753527864857,0.21664766248574688,0.0345775587053815,4377.0,187.0,0.04272332647932374,0.024805942721947603,False,ACS 2024 5-year
42003429300,6761.0,751.0,1522.0,389.99871794661067,0.22511462801360746,0.051982007269501765,6591.0,466.0,0.07070247306933697,0.03628842744019465,False,ACS 2024 5-year
42003429400,4389.0,549.0,922.0,249.93999279827148,0.2100706311232627,0.05052209068386231,4389.0,416.0,0.09478241057188426,0.04705995127320475,False,ACS 2024 5-year
42003429500,4304.0,546.0,507.0,180.23595645708434,0.11779739776951673,0.03911929810251367,4304.0,303.0,0.0703996282527881,0.03151940489853973,False,ACS 2024 5-year
42003429600,3620.0,396.0,666.0,181.8543373142362,0.1839779005524862,0.046028360710271325,3577.0,206.0,0.0575901593514118,0.031540297580246415,False,ACS 2024 5-year
42003429700,2194.0,293.0,356.0,113.63978176677391,0.16226071103008205,0.04704506173298533,2174.0,233.0,0.10717571297148114,0.08756893260534694,False,ACS 2024 5-year
42003430100,1881.0,269.0,338.0,79.96874389409902,0.1796916533758639,0.03386846692961362,1881.0,289.0,0.15364167995746944,0.10728944951086371,False,ACS 2024 5-year
42003430200,4652.0,270.0,825.0,229.08295440735,0.17734307824591575,0.04815625245316219,4652.0,289.0,0.062123817712811696,0.04219359843653122,False,ACS 2024 5-year
42003431100,3193.0,360.0,466.0,151.64102347320133,0.14594425305355466,0.04455002142418182,3193.0,340.0,0.10648293141246477,0.038903735112990744,False,ACS 2024 5-year
42003431400,1845.0,256.0,397.0,111.04503590885997,0.2151761517615176,0.05225964522971383,1841.0,52.0,0.028245518739815317,0.019156078455761824,False,ACS 2024 5-year
42003431500,3090.0,413.0,569.0,209.88568317062504,0.18414239482200648,0.06330834501582276,3090.0,375.0,0.12135922330097088,0.0861892254393434,False,ACS 2024 5-year
42003432300,2127.0,216.0,226.0,146.77874505527018,0.10625293841090738,0.06815859743541478,2084.0,296.0,0.1420345489443378,0.09580452576115135,True,ACS 2024 5-year
42003432400,2547.0,219.0,307.0,118.58752042268192,0.12053396152336082,0.04539155491921631,2547.0,380.0,0.149195131527287,0.06229713926070649,False,ACS 2024 5-year
42003434000,1919.0,194.0,461.0,70.03570517957252,0.24022928608650337,0.027242478275707513,1919.0,139.0,0.07243355914538822,0.022277079565318773,False,ACS 2024 5-year
42003435000,2465.0,324.0,519.0,138.74797295816614,0.2105476673427992,0.04901404416687664,2354.0,269.0,0.11427357689039933,0.059874476964971765,False,ACS 2024 5-year
42003437000,7228.0,20.0,1742.0,317.93867333182357,0.24100719424460432,0.043982032799375965,7140.0,257.0,0.03599439775910364,0.022828755378595165,False,ACS 2024 5-year
42003439000,1468.0,169.0,275.0,59.841457201508724,0.18732970027247955,0.03459206600492087,1468.0,73.0,0.0497275204359673,0.03288415760813245,False,ACS 2024 5-year
42003445500,3823.0,21.0,848.0,150.973507609779,0.22181532827622286,0.039472045482589674,3823.0,309.0,0.08082657598744442,0.03635616955692902,False,ACS 2024 5-year
42003446000,1587.0,132.0,422.0,62.19324722186485,0.2659105229993699,0.03235145809097069,1587.0,47.0,0.029615626969124134,0.017470547034818925,False,ACS 2024 5-year
42003447000,1530.0,266.0,330.0,112.67209059922514,0.21568627450980393,0.06337979173473693,1527.0,96.0,0.06286836935166994,0.02087761295172084,False,ACS 2024 5-year
42003448000,1096.0,143.0,218.0,62.25752966509352,0.1989051094890511,0.05052941828262029,1096.0,63.0,0.05748175182481752,0.020573419522722538,False,ACS 2024 5-year
42003449000,2141.0,295.0,368.0,97.15451610707554,0.17188229799159271,0.03870772785371105,2141.0,103.0,0.04810836057916861,0.03344566980066573,False,ACS 2024 5-year
42003450700,2852.0,386.0,505.0,144.4056785587049,0.1770687237026648,0.04460253916441773,2852.0,398.0,0.13955119214586256,0.08416197058537896,False,ACS 2024 5-year
42003450800,2565.0,380.0,304.0,202.30422635229348,0.11851851851851852,0.07689179165397832,2565.0,224.0,0.08732943469785576,0.038837422126450555,True,ACS 2024 5-year
42003451101,3598.0,486.0,716.0,164.31676725154983,0.1989994441356309,0.03692049973993087,3575.0,42.0,0.011748251748251748,0.008522980497914518,False,ACS 2024 5-year
42003451102,6431.0,679.0,981.0,363.1721354950019,0.15254237288135594,0.054126730823636664,4967.0,253.0,0.050936178779947654,0.03330444732796975,False,ACS 2024 5-year
42003451104,3783.0,530.0,975.0,230.7401135476881,0.25773195876288657,0.04915738055559054,3783.0,30.0,0.007930214115781126,0.00945117802752541,False,ACS 2024 5-year
42003451105,6026.0,1349.0,819.0,243.87701818744628,0.13591105210753401,0.026686604148774842,5751.0,276.0,0.047991653625456446,0.02410497134295572,False,ACS 2024 5-year
42003451300,7064.0,661.0,1534.0,284.5891775876237,0.21715741789354473,0.03478731538776416,7046.0,220.0,0.031223389156968494,0.017353162007231884,False,ACS 2024 5-year
42003452000,6698.0,24.0,1305.0,305.89050328508074,0.19483427888922067,0.04566359524875178,6635.0,140.0,0.02110022607385079,0.012204481584344737,False,ACS 2024 5-year
42003453003,1953.0,227.0,279.0,73.53910524340094,0.14285714285714285,0.033795666909002826,1725.0,101.0,0.058550724637681156,0.03274437737976985,False,ACS 2024 5-year
42003453004,7139.0,776.0,1347.0,307.03094306600434,0.1886818882196386,0.0378022657940107,7087.0,390.0,0.055030337237194867,0.030308480313500696,False,ACS 2024 5-year
42003455000,1489.0,142.0,231.0,42.33202097703345,0.15513767629281397,0.024276891045133503,1480.0,119.0,0.0804054054054054,0.050784951672160586,False,ACS 2024 5-year
42003456001,4653.0,486.0,1246.0,233.66856870362346,0.26778422523103373,0.04170890728620117,4653.0,194.0,0.041693531055233185,0.03605863634088777,False,ACS 2024 5-year
42003456003,7513.0,522.0,2321.0,434.9425249386406,0.3089311859443631,0.05376580569749003,7495.0,250.0,0.0333555703802535,0.023098952240409854,False,ACS 2024 5-year
42003456004,6294.0,506.0,1205.0,288.6485752606446,0.19145217667619954,0.0432009430537883,5985.0,214.0,0.03575605680868839,0.02572033976647971,False,ACS 2024 5-year
42003457100,1433.0,176.0,223.0,75.1997340420829,0.15561758548499652,0.04887278526335016,1353.0,172.0,0.1271249076127125,0.057084713929151924,False,ACS 2024 5-year
42003457200,3253.0,177.0,566.0,166.73332000533065,0.17399323701198893,0.05037333132766953,3253.0,363.0,0.11158930218260067,0.04849937183566557,False,ACS 2024 5-year
42003458001,4340.0,367.0,798.0,212.788627515664,0.18387096774193548,0.04649890758573744,4340.0,142.0,0.03271889400921659,0.016824713637640317,False,ACS 2024 5-year
42003458002,4632.0,366.0,781.0,193.34683860875512,0.16860967184801381,0.03955831163238576,4617.0,135.0,0.029239766081871343,0.023711973693666427,False,ACS 2024 5-year
42003459101,1760.0,232.0,414.0,124.78781991845197,0.23522727272727273,0.0637626016501396,1760.0,197.0,0.11193181818181819,0.0613179900013896,False,ACS 2024 5-year
42003459102,6526.0,588.0,1264.0,314.1400961354663,0.19368679129635305,0.044861903912275625,6526.0,320.0,0.04903463070793748,0.025672256312246435,False,ACS 2024 5-year
42003459201,7248.0,604.0,1181.0,314.154420627818,0.16294150110375277,0.04116179322349754,7165.0,334.0,0.04661549197487788,0.03270264237696056,False,ACS 2024 5-year
42003459202,655.0,87.0,21.0,34.42382895611701,0.03206106870229008,0.0523826501679004,655.0,82.0,0.1251908396946565,0.09318447877461772,True,ACS 2024 5-year
42003460001,4842.0,381.0,778.0,222.07431188680962,0.16067740603056588,0.04408710779866553,4772.0,321.0,0.06726739312657166,0.03670048050098305,False,ACS 2024 5-year
42003460002,3707.0,378.0,698.0,202.29681164071766,0.1882924197464257,0.05108243245880484,3707.0,419.0,0.11302940383059078,0.07737670115367987,False,ACS 2024 5-year
42003461000,1085.0,160.0,144.0,51.273774973177076,0.1327188940092166,0.04301367574865644,1085.0,145.0,0.1336405529953917,0.04670355553699926,False,ACS 2024 5-year
42003462100,2504.0,405.0,645.0,231.14281299664069,0.25758785942492013,0.0823726950462771,2504.0,799.0,0.3190894568690096,0.18668762622195406,False,ACS 2024 5-year
42003462600,3790.0,406.0,897.0,319.09559696116145,0.23667546174142481,0.08028597837459436,3790.0,657.0,0.1733509234828496,0.06439432165107253,False,ACS 2024 5-year
42003463900,3053.0,434.0,600.0,179.5828499606797,0.19652800524074682,0.05176385605902051,2990.0,789.0,0.26387959866220734,0.10334923041547285,False,ACS 2024 5-year
42003464300,3299.0,44.0,746.0,233.58724280234142,0.22612913003940588,0.07074120719808936,3272.0,440.0,0.13447432762836187,0.09868348953882025,False,ACS 2024 5-year
42003464400,2733.0,437.0,511.0,215.54349909009085,0.18697402122210025,0.07298075822289336,2733.0,1047.0,0.38309549945115257,0.19015764841872618,False,ACS 2024 5-year
42003465600,2370.0,348.0,336.0,151.65421194282735,0.14177215189873418,0.060508284544296825,2369.0,267.0,0.11270578303081469,0.052303276624694424,False,ACS 2024 5-year
42003465800,3591.0,350.0,705.0,183.87223825254318,0.19632414369256473,0.04749386434643911,3505.0,298.0,0.08502139800285306,0.04163438813207781,False,ACS 2024 5-year
42003468700,1895.0,261.0,295.0,99.66945369570358,0.15567282321899736,0.04802735262301066,1894.0,336.0,0.17740232312565998,0.11031198930333952,False,ACS 2024 5-year
42003468800,2500.0,291.0,310.0,89.52653238007156,0.124,0.03277302535683881,2487.0,221.0,0.08886208283071974,0.04629342439240245,False,ACS 2024 5-year
42003468900,3583.0,357.0,715.0,272.62611760431173,0.19955344683226348,0.07344502616189551,3583.0,372.0,0.10382361149874407,0.08955241466817397,False,ACS 2024 5-year
42003469000,4833.0,17.0,727.0,178.40123317959436,0.15042416718394372,0.036909353332040165,4818.0,307.0,0.06371938563719386,0.03486683002436159,False,ACS 2024 5-year
42003470300,3874.0,416.0,470.0,130.8816259067712,0.12132163138874548,0.031171724901327417,3518.0,92.0,0.026151222285389426,0.019368103920044996,False,ACS 2024 5-year
42003470400,3071.0,372.0,557.0,146.15060725156087,0.1813741452295669,0.04221565646380378,3071.0,107.0,0.0348420709866493,0.02173667272027922,False,ACS 2024 5-year
42003470501,4719.0,620.0,1067.0,338.735885314798,0.2261072261072261,0.06534567932961799,4719.0,672.0,0.1424030514939606,0.11417977153006412,False,ACS 2024 5-year
42003470502,2812.0,338.0,428.0,143.63495396316316,0.15220483641536273,0.047690570017902924,2653.0,73.0,0.02751601960045232,0.020050156864997015,False,ACS 2024 5-year
42003470600,2794.0,356.0,288.0,167.58878244083044,0.10307802433786686,0.05852610059377677,2794.0,304.0,0.10880458124552612,0.10105781224540043,True,ACS 2024 5-year
42003471000,1234.0,130.0,157.0,36.0416425818802,0.1272285251215559,0.0259501310012685,1234.0,100.0,0.08103727714748785,0.03210975711015306,False,ACS 2024 5-year
42003472100,2260.0,274.0,362.0,159.69971822141704,0.16017699115044248,0.06794276237559237,2260.0,213.0,0.09424778761061947,0.08239732491751033,False,ACS 2024 5-year
42003472200,2196.0,275.0,316.0,119.2560271013587,0.14389799635701275,0.05122912538307803,2196.0,208.0,0.0947176684881603,0.07834214103601365,False,ACS 2024 5-year
42003472300,1799.0,235.0,190.0,81.15417426109393,0.1056142301278488,0.042949291895534904,1799.0,100.0,0.055586436909394105,0.02797805643775767,False,ACS 2024 5-year
42003472400,1808.0,259.0,388.0,121.36721138759019,0.21460176991150443,0.059674710456933754,1808.0,120.0,0.06637168141592921,0.04208083962561074,False,ACS 2024 5-year
42003473100,4591.0,670.0,1338.0,350.5880773785669,0.2914397734698323,0.06342331441233934,4591.0,102.0,0.022217381834023088,0.015121329764915958,False,ACS 2024 5-year
42003473200,3228.0,329.0,629.0,136.95619737711763,0.19485749690210658,0.03749238168570779,3227.0,218.0,0.06755500464828014,0.02638582772287312,False,ACS 2024 5-year
42003473300,5809.0,569.0,1397.0,322.08539240394,0.24048889653985195,0.05019317239354485,5710.0,408.0,0.07145359019264448,0.05452832047389649,False,ACS 2024 5-year
42003473401,3935.0,490.0,1140.0,211.39063366194824,0.289707750952986,0.03980538341150319,3935.0,160.0,0.04066073697585769,0.025680980230095466,False,ACS 2024 5-year
42003473402,3794.0,639.0,990.0,272.15436796053814,0.260938323668951,0.05669349430026299,3794.0,119.0,0.03136531365313653,0.030382328599403607,False,ACS 2024 5-year
42003473500,3647.0,470.0,1081.0,263.0095055316442,0.2964080065807513,0.06116903364114716,3532.0,67.0,0.018969422423556058,0.024217613113681632,False,ACS 2024 5-year
42003473601,4005.0,344.0,982.0,191.70028690641024,0.24519350811485643,0.042983069857577806,3889.0,289.0,0.07431216250964258,0.05903347120890036,False,ACS 2024 5-year
42003473602,4361.0,539.0,802.0,232.4499946224994,0.18390277459298326,0.04821275557514787,4244.0,220.0,0.051837888784165884,0.02774030801958466,False,ACS 2024 5-year
42003474101,4342.0,513.0,1300.0,233.66856870362346,0.2994011976047904,0.04055671736467181,4342.0,229.0,0.052740672501151546,0.032573792821713445,False,ACS 2024 5-year
42003474102,3647.0,388.0,1042.0,204.3404022703293,0.2857142857142857,0.04706765624837638,3647.0,107.0,0.029339182890046615,0.020326585360295076,False,ACS 2024 5-year
42003474201,2650.0,305.0,492.0,104.89041900955492,0.18566037735849056,0.0333176756917615,2650.0,56.0,0.021132075471698115,0.014131852918149319,False,ACS 2024 5-year
42003474202,5581.0,551.0,1230.0,263.7536729602073,0.2203906110016126,0.04195226912066924,5510.0,78.0,0.014156079854809437,0.012625058291508047,False,ACS 2024 5-year
42003474203,4643.0,491.0,1223.0,263.73471519691907,0.2634072797760069,0.04950367448383468,4643.0,53.0,0.011415033383588197,0.009833571254099055,False,ACS 2024 5-year
42003475101,4564.0,500.0,582.0,183.6845121397011,0.12751971954425942,0.03774395350129367,4399.0,277.0,0.06296885655830871,0.05912738930915277,False,ACS 2024 5-year
42003475102,1735.0,228.0,372.0,110.12719918348964,0.21440922190201728,0.056877496452576524,1735.0,22.0,0.012680115273775217,0.014892659485366229,False,ACS 2024 5-year
42003475200,5246.0,565.0,904.0,239.38253904577084,0.17232176896683188,0.04168672239117973,5246.0,154.0,0.029355699580632864,0.02303989815353949,False,ACS 2024 5-year
42003475301,4668.0,577.0,882.0,276.1376468357764,0.18894601542416453,0.054349832420711806,4668.0,171.0,0.036632390745501286,0.03289461214534285,False,ACS 2024 5-year
42003475303,4219.0,506.0,946.0,219.51993075800658,0.22422374970372125,0.04454295818828439,4219.0,126.0,0.029864896894998817,0.015714532086902825,False,ACS 2024 5-year
42003475304,5358.0,446.0,978.0,238.67760682560902,0.18253079507278835,0.04187475202419161,5302.0,268.0,0.05054696341003395,0.029685718602265432,False,ACS 2024 5-year
42003475401,3872.0,381.0,589.0,144.04860290887933,0.15211776859504134,0.034058611946221666,3872.0,136.0,0.03512396694214876,0.01827103050576088,False,ACS 2024 5-year
42003475402,3219.0,409.0,627.0,133.63382805263043,0.19478098788443615,0.033330626513434866,3219.0,141.0,0.04380242311276794,0.029931209925676754,False,ACS 2024 5-year
42003476100,4870.0,427.0,795.0,248.60410294281147,0.16324435318275154,0.049000382418276096,4870.0,507.0,0.10410677618069815,0.0636195430093947,False,ACS 2024 5-year
42003476200,3339.0,423.0,353.0,112.92918134831227,0.10572027553159628,0.031056423736123245,3269.0,347.0,0.1061486693178342,0.04748142586769171,False,ACS 2024 5-year
42003477100,4047.0,356.0,731.0,172.56303196223692,0.180627625401532,0.03956870073071091,3972.0,391.0,0.09843907351460221,0.06157385763225425,False,ACS 2024 5-year
42003477200,4588.0,495.0,772.0,187.53932920856894,0.16826503923278116,0.03662347435843355,4447.0,236.0,0.05306948504609849,0.033666019331716854,False,ACS 2024 5-year
42003477300,6176.0,514.0,1121.0,369.55107901344303,0.18150906735751296,0.05789842095843035,6176.0,354.0,0.057318652849740935,0.04557355225093037,False,ACS 2024 5-year
42003478100,4275.0,528.0,968.0,290.19993108200424,0.2264327485380117,0.061854537521975284,4258.0,979.0,0.22992015030530766,0.13726608468791437,False,ACS 2024 5-year
42003478200,5591.0,530.0,1399.0,429.984883455221,0.25022357360042924,0.07315729097991669,5591.0,903.0,0.16150956895009838,0.08010973799152163,False,ACS 2024 5-year
42003479000,1987.0,355.0,449.0,171.71779173981943,0.22596879718168092,0.07641097233255455,1987.0,40.0,0.020130850528434826,0.015181185994255044,False,ACS 2024 5-year
42003480101,5707.0,798.0,1238.0,364.6203505017239,0.21692658139127388,0.056230561099556854,5572.0,842.0,0.1511127063890883,0.07633895262853105,False,ACS 2024 5-year
42003480102,3129.0,382.0,569.0,142.95453822806746,0.1818472355385107,0.03993035596389237,3129.0,244.0,0.0779801853627357,0.04698383265164424,False,ACS 2024 5-year
42003480200,3673.0,426.0,583.0,145.6399670420177,0.15872583719030764,0.03511895235963754,3478.0,134.0,0.03852788959171938,0.024272367689156735,False,ACS 2024 5-year
42003480300,3598.0,406.0,623.0,184.76742137076005,0.17315175097276264,0.047490604036729354,3598.0,189.0,0.05252918287937743,0.03845638030238991,False,ACS 2024 5-year
42003480400,4950.0,523.0,872.0,268.52746600673834,0.17616161616161616,0.05095500486495297,4884.0,558.0,0.11425061425061425,0.06612754350962735,False,ACS 2024 5-year
42003481000,3319.0,24.0,1077.0,333.63752786519683,0.3244953299186502,0.1004961198046048,3219.0,485.0,0.15066790928859894,0.08709790316991017,False,ACS 2024 5-year
42003482500,1905.0,294.0,318.0,83.01204731844649,0.16692913385826771,0.035144864012398615,1905.0,132.0,0.06929133858267716,0.03897967670553744,False,ACS 2024 5-year
42003483800,2874.0,17.0,558.0,219.6747595878962,0.1941544885177453,0.07642656998441297,2874.0,535.0,0.18615170494084898,0.06958071051927125,False,ACS 2024 5-year
42003484300,3191.0,500.0,895.0,326.40465682952504,0.2804763397054215,0.09236687373387453,3191.0,624.0,0.19554998433093074,0.13411883092204374,False,ACS 2024 5-year
42003484500,5457.0,505.0,733.0,228.9934496879769,0.13432288803371817,0.04007989215316643,5457.0,489.0,0.08960967564595931,0.05508759407500978,False,ACS 2024 5-year
42003484600,1900.0,297.0,287.0,98.2089608946149,0.15105263157894736,0.0459806784900751,1860.0,346.0,0.1860215053763441,0.08927421495534027,False,ACS 2024 5-year
42003485000,1140.0,214.0,178.0,62.609903369994115,0.156140350877193,0.04644570975250757,1129.0,292.0,0.25863596102745795,0.1034253388746019,False,ACS 2024 5-year
42003486700,2147.0,429.0,588.0,228.67662757702195,0.2738705170004658,0.09137686080330591,2147.0,556.0,0.2589659990684676,0.12829012512437393,False,ACS 2024 5-year
42003486800,1610.0,337.0,337.0,140.0856880626997,0.2093167701863354,0.07517361167226269,1610.0,300.0,0.18633540372670807,0.08392631549231878,False,ACS 2024 5-year
42003486900,1392.0,321.0,221.0,103.87973815908471,0.15876436781609196,0.06502820122812984,1392.0,322.0,0.23132183908045978,0.08526272160258108,False,ACS 2024 5-year
42003487000,1643.0,244.0,156.0,61.0163912403872,0.09494826536822885,0.034356103683795734,1637.0,202.0,0.12339645693341478,0.10158601954262905,False,ACS 2024 5-year
42003488100,2137.0,358.0,383.0,135.81973347050862,0.1792232101076275,0.05601732322554446,2137.0,141.0,0.06598034627983154,0.04015358762119694,False,ACS 2024 5-year
42003488200,3590.0,556.0,917.0,257.03890756070376,0.2554317548746518,0.05967722228483342,3528.0,1087.0,0.3081065759637188,0.1349545204001943,False,ACS 2024 5-year
42003488300,1925.0,317.0,259.0,85.5043858524228,0.13454545454545455,0.03849732688235988,1925.0,85.0,0.04415584415584416,0.021121037405626902,False,ACS 2024 5-year
42003488400,4361.0,632.0,830.0,339.0,0.19032332033937172,0.0726766118961626,4361.0,359.0,0.08232056867690897,0.030050561276525816,False,ACS 2024 5-year
42003488500,2604.0,464.0,538.0,202.83983829612959,0.206605222734255,0.0686469424127056,2597.0,61.0,0.023488640739314594,0.014819634642280479,False,ACS 2024 5-year
42003488600,4573.0,973.0,1142.0,566.9894178906693,0.24972665646184125,0.11202380069596984,4573.0,402.0,0.08790728187185655,0.06310766617588975,False,ACS 2024 5-year
42003489001,4897.0,422.0,981.0,317.2002522067093,0.20032673065141923,0.06243160497427969,4729.0,251.0,0.05307676041446394,0.03285981262984638,False,ACS 2024 5-year
42003489002,3502.0,424.0,708.0,172.27884373886423,0.202170188463735,0.042672510577168116,3502.0,146.0,0.04169046259280411,0.02110671351449476,False,ACS 2024 5-year
42003490002,4873.0,433.0,812.0,223.72527796384566,0.1666324646008619,0.0434581082277558,4867.0,186.0,0.03821656050955414,0.022758391079818925,False,ACS 2024 5-year
42003490003,3735.0,405.0,699.0,166.27086335254293,0.18714859437751005,0.039622535622278396,3735.0,163.0,0.04364123159303882,0.025263431316511646,False,ACS 2024 5-year
42003490004,5098.0,476.0,1251.0,317.4618087266561,0.24539034915653196,0.057903520396118985,5067.0,167.0,0.03295835800276298,0.024673282555406642,False,ACS 2024 5-year
42003491101,7698.0,554.0,1958.0,351.31609698389855,0.2543517796830346,0.04180546396381308,7610.0,146.0,0.019185282522996058,0.012008992775181374,False,ACS 2024 5-year
42003491200,2131.0,222.0,309.0,73.45747068882783,0.14500234631628345,0.03098477578394787,2033.0,94.0,0.046237088047220855,0.022056138929229925,False,ACS 2024 5-year
42003492700,1875.0,358.0,380.0,143.55835050598765,0.20266666666666666,0.06606624628432986,1875.0,622.0,0.3317333333333333,0.13169331183949848,False,ACS 2024 5-year
42003492800,2648.0,463.0,965.0,276.7905345202397,0.36442598187311176,0.08286108400494446,2648.0,945.0,0.3568731117824773,0.15644394540886986,False,ACS 2024 5-year
42003492900,1521.0,277.0,148.0,74.65252842335616,0.0973044049967127,0.04577050717182926,1521.0,430.0,0.28270874424720577,0.10362800053255301,False,ACS 2024 5-year
42003494000,1371.0,242.0,262.0,72.13875518748573,0.1911013858497447,0.040382765779607456,1371.0,178.0,0.12983223924142961,0.03728356132989499,False,ACS 2024 5-year
42003495000,3009.0,37.0,327.0,114.56002793295748,0.10867397806580259,0.03804899994721923,3009.0,262.0,0.08707211698238618,0.05116859348075117,False,ACS 2024 5-year
42003496101,2921.0,336.0,642.0,181.72506706560876,0.21978774392331393,0.05684467101496436,2921.0,195.0,0.06675795960287573,0.02414191802803096,False,ACS 2024 5-year
42003496102,4258.0,550.0,776.0,212.30873745562144,0.18224518553311414,0.04395434927902529,4258.0,335.0,0.07867543447627995,0.0587804114038265,False,ACS 2024 5-year
42003496200,5511.0,517.0,983.0,299.50626036862735,0.17837053166394484,0.051706767897446944,5473.0,185.0,0.03380230221085328,0.020766305382614668,False,ACS 2024 5-year
42003497000,922.0,217.0,116.0,65.01538279515087,0.12581344902386118,0.06399708686652332,922.0,52.0,0.05639913232104121,0.022391549542494348,True,ACS 2024 5-year
42003498000,2320.0,329.0,476.0,149.6996993984958,0.20517241379310344,0.05759355795018678,2292.0,305.0,0.1330715532286213,0.08336747472022198,False,ACS 2024 5-year
42003499300,1555.0,232.0,281.0,90.29950165975447,0.1807073954983923,0.05143234727821377,1555.0,155.0,0.09967845659163987,0.05792858004207307,False,ACS 2024 5-year
42003499400,2813.0,229.0,692.0,207.70411647341032,0.24600071098471382,0.0710695480627584,2711.0,525.0,0.19365547768351163,0.10058983795718243,False,ACS 2024 5-year
42003500300,3620.0,19.0,549.0,146.66969693839283,0.1516574585635359,0.04050867102994735,3620.0,366.0,0.1011049723756906,0.06712497426424434,False,ACS 2024 5-year
42003501000,1533.0,233.0,219.0,74.93997598078077,0.14285714285714285,0.0437978455708661,1529.0,308.0,0.2014388489208633,0.04782478026070867,False,ACS 2024 5-year
42003503002,5670.0,324.0,949.0,260.0153841602454,0.16737213403880072,0.04484966236290893,5529.0,613.0,0.11086995840115753,0.04912649672244976,False,ACS 2024 5-year
42003504100,5173.0,568.0,1320.0,426.49736224272243,0.2551710806108641,0.07754010547706432,5129.0,1376.0,0.26827841684538895,0.1280070793246449,False,ACS 2024 5-year
42003507000,2002.0,236.0,210.0,75.53806987208503,0.1048951048951049,0.03564760426936152,2002.0,190.0,0.09490509490509491,0.03940152710939369,False,ACS 2024 5-year
42003508000,1761.0,492.0,297.0,126.83059567785685,0.1686541737649063,0.05446913878929618,1761.0,524.0,0.2975582055650199,0.10366103759062033,False,ACS 2024 5-year
42003509400,5007.0,13.0,714.0,277.22012913928165,0.1426003594967046,0.05536527476762207,4901.0,865.0,0.17649459294021627,0.0734526668200336,False,ACS 2024 5-year
42003510000,2121.0,443.0,802.0,267.5182236783132,0.3781235266383781,0.09834177476127749,2105.0,955.0,0.45368171021377673,0.14954907153330455,False,ACS 2024 5-year
42003512000,2236.0,288.0,440.0,147.10540438746634,0.1967799642218247,0.060711339215722596,2236.0,565.0,0.25268336314847945,0.11395882261661283,False,ACS 2024 5-year
42003513000,1983.0,289.0,161.0,121.95490970026586,0.08119011598587998,0.06035119063007585,1983.0,650.0,0.32778618255168934,0.09111018242076485,True,ACS 2024 5-year
42003513800,2039.0,661.0,618.0,229.0785891348207,0.3030897498773909,0.05448030447530459,1963.0,539.0,0.27457972491085075,0.13082697846060343,False,ACS 2024 5-year
42003514000,1793.0,250.0,502.0,198.55226012312224,0.2799776910206358,0.10362842214097782,1793.0,446.0,0.2487451199107641,0.14309613353340403,False,ACS 2024 5-year
42003515100,2819.0,384.0,556.0,190.38644909761828,0.1972330613692799,0.06196293028274961,2806.0,483.0,0.1721311475409836,0.08666318751377919,False,ACS 2024 5-year
42003515200,1962.0,305.0,249.0,137.23337786413333,0.12691131498470948,0.06710565092344664,1962.0,253.0,0.1289500509683996,0.07007398632556021,True,ACS 2024 5-year
42003515300,1507.0,237.0,147.0,78.3198569968051,0.09754479097544791,0.049655049288443005,1507.0,476.0,0.3158593231585932,0.13161485965846792,True,ACS 2024 5-year
42003515401,2130.0,337.0,432.0,171.69740825067802,0.2028169014084507,0.07394682721761009,2130.0,220.0,0.10328638497652583,0.07379922867950023,False,ACS 2024 5-year
42003516100,1410.0,172.0,202.0,54.70831746635972,0.14326241134751774,0.03464170206308221,1410.0,97.0,0.06879432624113475,0.050369536328267454,False,ACS 2024 5-year
42003516200,1667.0,173.0,316.0,101.46427942877237,0.1895620875824835,0.057599534492588464,1667.0,67.0,0.04019196160767846,0.02849053035777841,False,ACS 2024 5-year
42003517000,1629.0,306.0,267.0,135.58761005342635,0.16390423572744015,0.07732980982439179,1629.0,231.0,0.141804788213628,0.049102636517908076,False,ACS 2024 5-year
42003518001,3146.0,344.0,369.0,102.44510725261603,0.11729179910998093,0.029931593586869792,3137.0,117.0,0.03729678036340452,0.019015449398046606,False,ACS 2024 5-year
42003519000,3087.0,16.0,635.0,213.5415650406262,0.20570132815030776,0.06916624569773651,3087.0,58.0,0.018788467768059605,0.013281146069338834,False,ACS 2024 5-year
42003520001,2948.0,221.0,368.0,113.26517558367179,0.1248303934871099,0.037263950333971715,2948.0,333.0,0.11295793758480326,0.05532585609372408,False,ACS 2024 5-year
42003520002,3264.0,223.0,692.0,221.0271476538572,0.21200980392156862,0.06614935468099231,3264.0,330.0,0.10110294117647059,0.05625644069138822,False,ACS 2024 5-year
42003521100,4443.0,451.0,739.0,178.35077796297946,0.16632905694350664,0.03641864316903712,4443.0,474.0,0.10668467251856853,0.05085157462887154,False,ACS 2024 5-year
42003521200,5051.0,849.0,1148.0,409.24320397533785,0.2272817263908137,0.07145031591257645,4983.0,867.0,0.1739915713425647,0.16852141009266194,False,ACS 2024 5-year
42003521301,3926.0,626.0,614.0,277.803887661782,0.1563932755985736,0.06622034598359773,3775.0,567.0,0.15019867549668875,0.1092315682447091,False,ACS 2024 5-year
42003521302,3654.0,720.0,562.0,301.8873962258113,0.1538040503557745,0.0768591081553855,3505.0,473.0,0.13495007132667616,0.0935427119302439,False,ACS 2024 5-year
42003521401,3000.0,450.0,412.0,140.41367454774482,0.13733333333333334,0.04202745134631253,2790.0,114.0,0.04086021505376344,0.019716241782614233,False,ACS 2024 5-year
42003521402,4046.0,620.0,1011.0,264.76026892266145,0.24987642115669798,0.053065132888926676,3965.0,183.0,0.046153846153846156,0.031926583523500314,False,ACS 2024 5-year
42003521500,4188.0,487.0,726.0,205.52858681944952,0.17335243553008595,0.04474438478159208,4188.0,274.0,0.06542502387774594,0.052942306598455016,False,ACS 2024 5-year
42003522000,3032.0,17.0,632.0,167.98511838850487,0.20844327176781002,0.05539173481298383,2969.0,457.0,0.15392388009430785,0.062147083358220376,False,ACS 2024 5-year
42003523100,3668.0,776.0,697.0,313.53787649979387,0.19002181025081788,0.07543599088517985,3666.0,280.0,0.07637752318603383,0.041126204556489805,False,ACS 2024 5-year
42003523200,3915.0,488.0,771.0,249.9659976876855,0.19693486590038314,0.05894075896909546,3915.0,1117.0,0.28531289910600255,0.10175466097417792,False,ACS 2024 5-year
42003523300,3998.0,625.0,681.0,245.39967400141344,0.17033516758379189,0.05530387827872195,3998.0,96.0,0.0240120060030015,0.013754092289461806,False,ACS 2024 5-year
42003523400,5055.0,941.0,1022.0,439.99318176535417,0.20217606330365975,0.07848396915778215,5055.0,961.0,0.190108803165183,0.056264659319685884,False,ACS 2024 5-year
42003523501,3967.0,564.0,804.0,274.7544358149655,0.20267204436601965,0.06298153719384723,3967.0,386.0,0.09730274766826318,0.05552469912040231,False,ACS 2024 5-year
42003523502,1238.0,219.0,121.0,72.75300681071539,0.09773828756058159,0.05616559763041385,1238.0,30.0,0.024232633279483037,0.016412256763437712,True,ACS 2024 5-year
42003523600,4860.0,695.0,938.0,306.5305857496116,0.19300411522633745,0.05671255008296283,4860.0,568.0,0.1168724279835391,0.07806636483050892,False,ACS 2024 5-year
42003523701,3716.0,438.0,637.0,188.61336113860014,0.17142088266953714,0.046562156308919106,3716.0,557.0,0.1498923573735199,0.06909004003032744,False,ACS 2024 5-year
42003523702,5368.0,763.0,974.0,378.32261365136503,0.18144560357675113,0.06558899388815934,5368.0,659.0,0.1227645305514158,0.04737279791076384,False,ACS 2024 5-year
42003523800,4457.0,651.0,848.0,292.14893462068284,0.1902625084137312,0.05936572683125825,4307.0,664.0,0.1541676340840492,0.11608922054908871,False,ACS 2024 5-year
42003524000,2524.0,416.0,496.0,144.5648643343188,0.196513470681458,0.04723885817713654,2515.0,348.0,0.13836978131212724,0.06908832904993505,False,ACS 2024 5-year
42003525100,1930.0,225.0,411.0,105.32805893967665,0.21295336787564767,0.04860037325399521,1924.0,46.0,0.02390852390852391,0.014813514590382562,False,ACS 2024 5-year
42003525200,2548.0,240.0,489.0,127.67536959022284,0.19191522762951335,0.046733806992671705,2437.0,216.0,0.08863356585966352,0.060094544276619914,False,ACS 2024 5-year
42003525300,2224.0,225.0,457.0,134.60312032044428,0.20548561151079137,0.0568406380523311,2164.0,91.0,0.04205175600739371,0.019852761112875584,False,ACS 2024 5-year
42003526101,7622.0,832.0,1933.0,431.28992568804574,0.25360797690894776,0.0493506343289659,7564.0,195.0,0.025780010576414596,0.019493402756887757,False,ACS 2024 5-year
42003526102,2254.0,291.0,502.0,128.20296408429877,0.22271517302573204,0.0490749191054541,2254.0,99.0,0.04392191659272405,0.016815891832905886,False,ACS 2024 5-year
42003526201,3445.0,484.0,686.0,192.49675321937252,0.19912917271407837,0.048369193783535255,3445.0,117.0,0.033962264150943396,0.02034789785674399,False,ACS 2024 5-year
42003526202,4489.0,661.0,1040.0,322.2142144598838,0.23167743372688795,0.06315369489105757,4481.0,244.0,0.05445213122070966,0.03410367463032491,False,ACS 2024 5-year
42003526301,3792.0,421.0,527.0,153.58710883404245,0.13897679324894516,0.03744880806810474,3792.0,201.0,0.05300632911392405,0.02624708494675831,False,ACS 2024 5-year
42003526302,5121.0,617.0,964.0,282.31365535517403,0.18824448349931655,0.05024698444964706,5121.0,95.0,0.018551064245264596,0.015066513383866482,False,ACS 2024 5-year
42003550900,1613.0,290.0,216.0,80.16233529532433,0.13391196528208307,0.04347651960273447,1556.0,422.0,0.2712082262210797,0.10832455591520868,False,ACS 2024 5-year
42003551200,3422.0,552.0,726.0,261.62186452970633,0.21215663354763295,0.06836553880480123,3289.0,1101.0,0.3347522043174217,0.0961154772439168,False,ACS 2024 5-year
42003551300,2083.0,383.0,414.0,188.59480374602055,0.1987518002880461,0.08283718137897937,2082.0,288.0,0.138328530259366,0.061723028716819214,False,ACS 2024 5-year
42003551900,1561.0,453.0,529.0,240.39550744554276,0.33888532991672005,0.1185105321102516,1505.0,731.0,0.4857142857142857,0.2673046014955308,False,ACS 2024 5-year
42003552000,1667.0,406.0,323.0,154.86768546084753,0.19376124775044992,0.0800238437348123,1603.0,385.0,0.24017467248908297,0.14860604113487672,False,ACS 2024 5-year
42003552100,1250.0,227.0,278.0,98.05100713404222,0.2224,0.06724419960215453,776.0,613.0,0.7899484536082474,0.16707443380692294,False,ACS 2024 5-year
42003552200,855.0,162.0,93.0,56.4889369699944,0.10877192982456141,0.06277225239446892,847.0,150.0,0.1770956316410862,0.0982914843515218,True,ACS 2024 5-year
42003552300,1597.0,355.0,353.0,136.0588108135596,0.22103944896681277,0.06960007348847407,1597.0,686.0,0.4295554164057608,0.1052925017244176,False,ACS 2024 5-year
42003552400,3332.0,580.0,1100.0,329.77568133505537,0.33013205282112845,0.08058025735153661,3287.0,915.0,0.2783693337389717,0.1601767110993682,False,ACS 2024 5-year
42003560400,1489.0,231.0,123.0,70.43436661176133,0.08260577568838147,0.04553411243767363,1378.0,369.0,0.2677793904208999,0.12505412655970655,True,ACS 2024 5-year
42003560500,2307.0,307.0,214.0,88.13058492941029,0.09276116168183789,0.03615204566055274,2307.0,210.0,0.09102730819245773,0.06388117170894247,False,ACS 2024 5-year
42003561400,3524.0,458.0,583.0,297.840561374706,0.16543700340522133,0.08173707819967134,3524.0,687.0,0.19494892167990918,0.09397702389896799,False,ACS 2024 5-year
42003561500,2648.0,418.0,268.0,145.60906565183365,0.10120845921450151,0.05261629236404563,2648.0,552.0,0.2084592145015106,0.13812841026858375,True,ACS 2024 5-year
42003561900,1832.0,453.0,365.0,304.8507831710458,0.19923580786026202,0.1589433494897524,1832.0,737.0,0.40229257641921395,0.20715774995554115,True,ACS 2024 5-year
42003562000,2465.0,347.0,143.0,96.46761114488116,0.05801217038539554,0.03827339312096943,2432.0,819.0,0.33675986842105265,0.11539615934408172,True,ACS 2024 5-year
42003562300,3374.0,398.0,754.0,279.79635451520807,0.2234736218138708,0.078625756992389,3154.0,833.0,0.26410906785034877,0.10656418380629518,False,ACS 2024 5-year
42003562400,2770.0,567.0,835.0,270.6325922722539,0.30144404332129965,0.0757510266479937,2770.0,1240.0,0.44765342960288806,0.20183432818831282,False,ACS 2024 5-year
42003562500,2987.0,533.0,951.0,259.6690201005888,0.3183796451288919,0.06580116569176098,2987.0,542.0,0.18145296283896886,0.12821456889909724,False,ACS 2024 5-year
42003562600,2639.0,530.0,430.0,202.50432094155423,0.16294050776809396,0.06940779735610321,2639.0,304.0,0.1151951496779083,0.048160794452683266,False,ACS 2024 5-year
42003562700,1949.0,230.0,132.0,92.62828941527529,0.06772703950743972,0.04684920051359996,1936.0,335.0,0.17303719008264462,0.07630843041102746,True,ACS 2024 5-year
42003562800,1563.0,183.0,262.0,91.8313671900838,0.1676263595649392,0.055378359114801726,1517.0,174.0,0.11470006591957811,0.058992871575201854,False,ACS 2024 5-year
42003562901,1643.0,365.0,594.0,181.08285396469762,0.36153377967133293,0.0754756330262568,1643.0,682.0,0.41509433962264153,0.19135585177360076,False,ACS 2024 5-year
42003563000,3294.0,441.0,657.0,177.70481141488546,0.1994535519125683,0.0468759057819818,3294.0,398.0,0.12082574377656345,0.07787627835366967,False,ACS 2024 5-year
42003563100,3647.0,675.0,727.0,278.3217562462554,0.19934192486975597,0.06680406714191577,3647.0,114.0,0.03125856868659172,0.028203510218541474,False,ACS 2024 5-year
42003563201,366.0,126.0,0.0,33.94112549695428,0.0,0.09273531556544885,366.0,17.0,0.04644808743169399,0.046508215939560824,True,ACS 2024 5-year
42003563202,1934.0,257.0,145.0,58.92367945062494,0.0749741468459152,0.028792245620539128,1934.0,340.0,0.17580144777662876,0.0932932546083585,False,ACS 2024 5-year
42003563300,1362.0,123.0,290.0,44.63182720884279,0.21292217327459617,0.026534653304022993,1349.0,20.0,0.014825796886582653,0.009544573701636049,False,ACS 2024 5-year
42003563800,3638.0,251.0,622.0,77.1621668954417,0.17097306212204508,0.01762719859456304,3443.0,123.0,0.03572465872785362,0.015471461074166555,False,ACS 2024 5-year
42003563900,3908.0,340.0,756.0,217.01152043151995,0.19344933469805528,0.052918146262778167,3908.0,208.0,0.05322415557830092,0.02542620860402619,False,ACS 2024 5-year
42003564000,7452.0,874.0,1877.0,543.0736598289407,0.2518786902844874,0.06662022760846725,7452.0,206.0,0.02764358561460011,0.018641252817842364,False,ACS 2024 5-year
42003564100,998.0,114.0,220.0,27.730849247724095,0.22044088176352705,0.011748256901313906,998.0,4.0,0.004008016032064128,0.0029709426870768063,False,ACS 2024 5-year
42003564200,2110.0,310.0,317.0,142.10559454152394,0.15023696682464455,0.06362885841585471,2036.0,154.0,0.0756385068762279,0.03925025277092011,False,ACS 2024 5-year
42003564400,5251.0,578.0,559.0,166.50525517232182,0.10645591315939822,0.0294646139167658,5244.0,554.0,0.10564454614797865,0.037317805375717064,False,ACS 2024 5-year
42003564500,2832.0,546.0,538.0,124.56323695216017,0.1899717514124294,0.02435471302022082,2820.0,118.0,0.04184397163120567,0.02007462935292252,False,ACS 2024 5-year
42003564700,2472.0,407.0,521.0,204.35752983435674,0.21076051779935276,0.0750334984273681,2405.0,709.0,0.2948024948024948,0.07027957711356872,False,ACS 2024 5-year
42003564800,1587.0,231.0,422.0,109.07795377618706,0.2659105229993699,0.05679797515818444,1587.0,294.0,0.18525519848771266,0.09124707500782168,False,ACS 2024 5-year
42003565100,2995.0,462.0,473.0,252.54900514553606,0.15792988313856426,0.08072770289643294,2988.0,667.0,0.22322623828647925,0.11193470638167134,True,ACS 2024 5-year
42003565200,2739.0,654.0,418.0,152.6925014530838,0.15261044176706828,0.04218963814209967,2739.0,277.0,0.10113179992698065,0.02977380078357734,False,ACS 2024 5-year
42003565300,1359.0,327.0,276.0,184.39631232755173,0.20309050772626933,0.12657997553594966,1359.0,334.0,0.2457689477557027,0.22411736470814628,True,ACS 2024 5-year
42003980000,0.0,12.0,0.0,33.94112549695428,,,0.0,0.0,,,False,ACS 2024 5-year
42003980100,0.0,12.0,0.0,33.94112549695428,,,0.0,0.0,,,False,ACS 2024 5-year
42003980300,0.0,12.0,0.0,33.94112549695428,,,0.0,0.0,,,False,ACS 2024 5-year
42003980400,8.0,7.0,0.0,33.94112549695428,0.0,4.242640687119285,8.0,4.0,0.5,0.6091746465505602,True,ACS 2024 5-year
42003980500,9.0,10.0,0.0,33.94112549695428,0.0,3.771236166328253,9.0,0.0,0.0,1.3333333333333333,True,ACS 2024 5-year
42003980600,5.0,7.0,0.0,33.94112549695428,0.0,6.788225099390855,5.0,5.0,1.0,0.0,True,ACS 2024 5-year
42003980700,167.0,54.0,14.0,32.93933818400121,0.08383233532934131,0.19536993881382908,167.0,4.0,0.023952095808383235,0.041194420205831,True,ACS 2024 5-year
42003980800,0.0,12.0,0.0,33.94112549695428,,,0.0,0.0,,,False,ACS 2024 5-year
42003980900,24.0,3.0,0.0,33.94112549695428,0.0,1.414213562373095,0.0,0.0,,,True,ACS 2024 5-year
42003981000,0.0,12.0,0.0,33.94112549695428,,,0.0,0.0,,,False,ACS 2024 5-year
42003981100,0.0,12.0,0.0,33.94112549695428,,,0.0,0.0,,,False,ACS 2024 5-year
42003981200,0.0,12.0,0.0,33.94112549695428,,,0.0,0.0,,,False,ACS 2024 5-year
42003981800,305.0,19.0,32.0,39.52214569073901,0.10491803278688525,0.12941587024475282,58.0,35.0,0.603448275862069,0.9926164005388822,True,ACS 2024 5-year
42003982200,6035.0,177.0,78.0,95.28903399657277,0.01292460646230323,0.015784849966771597,13.0,10.0,0.7692307692307693,0.9396181415990158,True,ACS 2024 5-year
