location_key,fda_street,fda_city,fda_state,zip5,fda_names,fda_records,fda_violations,fda_first_decision,fda_last_decision,lon,lat,tract_geoid,in_city_limits,city_scope
100 ROBINSON CENTER DR|15205,100 ROBINSON CENTER DR,PITTSBURGH,PA,15205,STREET CORNER,3,0,2011-12-07,2018-09-09,,,,False,unknown
100 ROBINSON CENTRE DRIVE|15205,100 ROBINSON CENTRE DRIVE,PITTSBURGH,PA,15205,SMOKE AND VAPE,1,0,2022-10-17,2022-10-17,,,,False,unknown
100 ROBINSON CENTRE DR|15205,100 ROBINSON CENTRE DR,PITTSBURGH,PA,15205,PUFFS N STUFF,2,0,2012-02-20,2017-09-29,,,,False,unknown
100 ROBINSON TOWN CENTER DRIVE|15205,100 ROBINSON TOWN CENTER DRIVE,PITTSBURGH,PA,15205,STREET CORNER NEWS,3,1,2017-10-05,2019-02-22,,,,False,unknown
100 SETTLERS RIDGE CENTER|15205,100 SETTLERS RIDGE CENTER,PITTSBURGH,PA,15205,GIANT EAGLE #47,3,0,2013-10-17,2019-02-22,,,,False,unknown
1000 ROSS PARK MALL DR|15237,1000 ROSS PARK MALL DR,PITTSBURGH,PA,15237,STREET CORNER,3,0,2012-08-28,2016-07-01,,,,False,unknown
1000 ROSS PARK MALL D|15237,1000 ROSS PARK MALL D,PITTSBURGH,PA,15237,SEIFU HAILEYESUS,1,0,2013-07-05,2013-07-05,,,,False,unknown
1018 W-NORTH AVE|15233,1018 W-NORTH AVE,PITTSBURGH,PA,15233,W N GROCERY,3,0,2015-05-04,2018-10-18,,,,False,unknown
132 BEN AVON HEIGHT RD|15237,132 BEN AVON HEIGHT RD,PITTSBURGH,PA,15237,GIANT EAGLE 52,6,0,2012-06-18,2026-02-26,,,,False,unknown
16010 S BRADDOCK AVE|15218,16010 S. BRADDOCK AVE.,PITTSBURGH,PA,15218,EXXON,1,0,2019-12-18,2019-12-18,,,,False,unknown
1927 EAST RAILROAD STREET|15106,1927 EAST RAILROAD STREET,PITTSBURGH,PA,15106,HEIDELBERG BP,2,0,2012-03-05,2014-04-07,,,,False,unknown
200 CRAFTON INGRAM SHOPPING CENTER|15205,200 CRAFTON INGRAM SHOPPING CENTER,PITTSBURGH,PA,15205,RITE AID #10922,3,0,2013-12-17,2019-02-22,,,,False,unknown
2101CENDER AVE|15219,2101CENDER AVE,PITTSBURGH,PA,15219,WRIGHT REMODELING,1,0,2011-11-16,2011-11-16,,,,False,unknown
226 6TH AT LIBERTY STREET|15222,226 6TH AT LIBERTY STREET,PITTSBURGH,PA,15222,CVS PHARMACY #5105,1,0,2012-06-14,2012-06-14,,,,False,unknown
2300 02 BROWNSVILLE RD|15210,2300 02 BROWNSVILLE RD,PITTSBURGH,PA,15210,CARRICK BEER STORE INC,1,0,2013-03-06,2013-03-06,,,,False,unknown
2407 09 WYLIE AVE|15219,2407 09 WYLIE AVE,PITTSBURGH,PA,15219,NOLAN G PANKEY,1,0,2019-08-28,2019-08-28,,,,False,unknown
2501 SAW MILL RUN BLVD|15234,2501 SAW MILL RUN BLVD,PITTSBURGH,PA,15234,RITE AID #10943,1,0,2017-03-28,2017-03-28,,,,False,unknown
2601 PERRYSVILLE AVENUE|15212,2601 PERRYSVILLE AVENUE,PITTSBURGH,PA,15212,PERRY MARKET | PERRY MARKET LLC,2,1,2015-04-09,2016-05-12,,,,False,unknown
2601 S BRADDOCK AVE|15218,2601 S BRADDOCK AVE,PITTSBURGH,PA,15218,SUPER ONE,1,0,2019-11-06,2019-11-06,,,,False,unknown
2604 ROUTE 286|15239,2604 ROUTE 286,PITTSBURGH,PA,15239,GOLDEN OHM BEER,1,0,2018-08-13,2018-08-13,,,,False,unknown
280 CRAFTON INGRAM SHOPPING CENTER|15205,280 CRAFTON INGRAM SHOPPING CENTER,PITTSBURGH,PA,15205,GIANT EAGLE INC,1,0,2024-02-23,2024-02-23,,,,False,unknown
2820 UNIVERSAL ROAD|15235,2820 UNIVERSAL ROAD,PITTSBURGH,PA,15235,PENN HILLS SHOP N SAVE,2,0,2014-06-16,2015-07-01,,,,False,unknown
3406 WILLIAM PENN HGWY|15235,3406 WILLIAM PENN HGWY,PITTSBURGH,PA,15235,SUNOCO #6970,2,0,2014-05-29,2023-12-09,,,,False,unknown
3434 WILLIAM PENN HWY|15235,3434 WILLIAM PENN HWY,PITTSBURGH,PA,15235,RITE AID #10945,2,0,2014-05-29,2015-07-01,,,,False,unknown
4110 BRIGHTON RD|15212,4110 BRIGHTON RD,PITTSBURGH,PA,15212,GIANT EAGLE INC,1,0,2024-04-24,2024-04-24,,,,False,unknown
530D CASTE VILLAGE|15236,530D CASTE VILLAGE,PITTSBURGH,PA,15236,BREWERS OUTLET FRISCH DIST,1,0,2013-02-19,2013-02-19,,,,False,unknown
568 CASTE VILLAGE|15236,568 CASTE VILLAGE,PITTSBURGH,PA,15236,RITE AID #10950,3,0,2013-02-21,2023-12-11,,,,False,unknown
575 OLD CLAIRTON ROAD|15236,575 OLD CLAIRTON ROAD,PITTSBURGH,PA,15236,LEWIS AUTO REPAIR,1,0,2013-02-21,2013-02-21,,,,False,unknown
5802 FORDEN AVE|15219,5802 FORDEN AVE,PITTSBURGH,PA,15219,SQUIRREL HILL CENTER,1,0,2019-12-30,2019-12-30,,,,False,unknown
6001 BTTRMLK HLLW RD|15207,6001 BTTRMLK HLLW RD,PITTSBURGH,PA,15207,T/A SHOP N GO,2,0,2012-01-05,2019-06-11,,,,False,unknown
6200 SALTSBURGH ROAD|15235,6200 SALTSBURGH ROAD,PITTSBURGH,PA,15235,RITE AID #10946,2,0,2014-06-16,2015-07-01,,,,False,unknown
651 LARIMER AVE|15206,651 LARIMER AVE,PITTSBURGH,PA,15206,TOMLIN,1,0,2011-08-03,2011-08-03,,,,False,unknown
721 ISLAND AVE|15236,721 ISLAND AVE,PITTSBURGH,PA,15236,COGROS 1496,1,0,2013-05-06,2013-05-06,,,,False,unknown
7600 PENN AVE|15221,7600 PENN AVE,PITTSBURGH,PA,15221,POINT BREEZE EXXON,1,0,2018-07-01,2018-07-01,,,,False,unknown
8080 MCINTYRE SQUARE DRIVE|15237,8080 MCINTYRE SQUARE DRIVE,PITTSBURGH,PA,15237,GIANT EAGLE,5,1,2017-04-06,2026-01-15,,,,False,unknown
BESSEMER CT STATION SQUARE|15219,BESSEMER CT STATION SQUARE,PITTSBURGH,PA,15219,THE TOBACCO SHOP,1,0,2011-11-16,2011-11-16,,,,False,unknown
CLEVER ROAD & FAIRHAVEN DR|15236,CLEVER ROAD & FAIRHAVEN DR,PITTSBURGH,PA,15236,7-ELEVEN #137,2,0,2013-02-21,2015-06-12,,,,False,unknown
GREETREE AND COCHRAN RDS|15220,GREETREE AND COCHRAN RDS,PITTSBURGH,PA,15220,GIANT EAGLE 35,1,0,2012-05-03,2012-05-03,,,,False,unknown
MCKINNEY LN PARKWAY CTR MALL|15220,MCKINNEY LN PARKWAY CTR MALL,PITTSBURGH,PA,15220,GIANT EAGLE 74,4,0,2012-05-03,2019-09-17,,,,False,unknown
MCKNIGHT AND PEEBLES RDS|15237,MCKNIGHT AND PEEBLES RDS,PITTSBURGH,PA,15237,GIANT EAGLE 67,3,0,2012-06-15,2016-07-01,,,,False,unknown
PROSPECT & RADFORD STREET|15227,PROSPECT & RADFORD STREET,PITTSBURGH,PA,15227,7-ELEVEN #129,5,0,2012-06-14,2019-05-02,,,,False,unknown
RM 18 CRAFTON ING SHPING CENTER FOSTER DR|15205,RM 18 CRAFTON ING. SHPING CENTER FOSTER DR,PITTSBURGH,PA,15205,CRAFTON BEVERAGE CENTER,1,0,2018-09-06,2018-09-06,,,,False,unknown
STBNVLLE PK & WTRFRD RD|15205,STBNVLLE PK & WTRFRD RD,PITTSBURGH,PA,15205,ROBINSON BEER,1,0,2018-06-28,2018-06-28,,,,False,unknown
WEST VIEW SHOPPING PLAZ|15229,WEST VIEW SHOPPING PLAZ,PITTSBURGH,PA,15229,SAMS TOBACCO BEER OUTLET IN,1,0,2014-08-22,2014-08-22,,,,False,unknown
