location_key,street,city,state,zip5,match,lon,lat
RR 30|15126,RR 30,IMPERIAL,PA,15126,No_Match,,
MT ROYAL BLVD|15223,MT ROYAL BLVD,ETNA,PA,15223,No_Match,,
7859 STUEBENVILLE PIKE|15071,7859 STUEBENVILLE PIKE,OAKDALE,PA,15071,Match,-80.219250960579,40.439519563562
200 MARKET PLACE DR|15126,200 MARKET PLACE DR,IMPERIAL,PA,15126,No_Match,,
1143 OLD WILLIAM PENN HWY|15146,1143 OLD WILLIAM PENN HWY,MONROEVILLE,PA,15146,No_Match,,
RR 88 BOX BRIGHTWOOD RD|15102,RR 88 BOX BRIGHTWOOD RD,BETHEL PARK,PA,15102,No_Match,,
BRADDOCK HILLS SHOP CTR|15221,BRADDOCK HILLS SHOP CTR,PITTSBURGH,PA,15221,No_Match,,
2405 ROUTE 206|15239,2405 ROUTE 206,PITTSBURGH,PA,15239,No_Match,,
BROWNSVILLE ROAD|15227,BROWNSVILLE ROAD,PITTSBURGH,PA,15227,No_Match,,
BRIGHTON RD & BASCOM ST|15212,BRIGHTON RD & BASCOM ST,PITTSBURGH,PA,15212,Match,-80.043633988665,40.489841993384
1798 SAXONBURG BLVD|15032,1798 SAXONBURG BLVD,CURTISVILLE,PA,15032,No_Match,,
126 MIDDLE WAY|15017,126 MIDDLE WAY,BRIDGEVILLE,PA,15017,No_Match,,
WALL AVENUE|15148,WALL AVENUE,WALL,PA,15148,No_Match,,
3001 PITTSBURGH ST|15144,3001 PITTSBURGH ST,SPRINGDALE,PA,15144,No_Match,,
BOX|15148,BOX,WILMERDING,PA,15148,No_Match,,
RR 88|15234,RR 88,CASTLE SHANNON,PA,15234,No_Match,,
778 STEUBENVILLE|15071,778 STEUBENVILLE,OAKDALE,PA,15071,No_Match,,
INTERSTATE 84 - RT 390 EXIT 26|18464,INTERSTATE 84 - RT 390 EXIT 26,TAFTON,PA,18464,No_Match,,
4OO LONGUE VUE DR|15147,4OO LONGUE VUE DR,VERONA,PA,15147,No_Match,,
LINCOLN HWY|15131,LINCOLN HWY,WHITE OAK,PA,15131,No_Match,,
280 NOBLESTOWN ROAD|15082,280 NOBLESTOWN ROAD,STURGEON,PA,15082,No_Match,,
FREPORT ROAD|15238,FREPORT ROAD,BLAWNOX,PA,15238,No_Match,,
QUAKER VILLAGE S/C|15056,QUAKER VILLAGE S/C,LEETSDALE,PA,15056,No_Match,,
1 BIGELOW BLVD|15219,1 BIGELOW BLVD,PITTSBURGH,PA,15219,Match,-79.994770581829,40.440442927501
1 VIRGINIA AVE|15211,1 VIRGINIA AVE,PITTSBURGH,PA,15211,Match,-80.006956081658,40.429186912083
10 W PROSPECT AVE|15205,10 W PROSPECT AVE,PITTSBURGH,PA,15205,Match,-80.066363885868,40.445147824661
10 WEST PROSPECT AVENUE|15205,10 WEST PROSPECT AVENUE,PITTSBURGH,PA,15205,Match,-80.066363885868,40.445147824661
100 BRIGHTON ROAD|15202,100 BRIGHTON ROAD,PITTSBURGH,PA,15202,No_Match,,
100 FOX CHAPEL ROAD|15238,100 FOX CHAPEL ROAD,PITTSBURGH,PA,15238,Match,-79.882958675689,40.489045989646
100 ROBINSON CENTER DR|15205,100 ROBINSON CENTER DR,PITTSBURGH,PA,15205,Tie,,
100 ROBINSON CENTRE DRIVE|15205,100 ROBINSON CENTRE DRIVE,PITTSBURGH,PA,15205,Tie,,
100 ROBINSON CENTRE DR|15205,100 ROBINSON CENTRE DR,PITTSBURGH,PA,15205,Tie,,
100 ROBINSON TOWN CENTER DRIVE|15205,100 ROBINSON TOWN CENTER DRIVE,PITTSBURGH,PA,15205,Tie,,
100 ROCHESTER RD|15229,100 ROCHESTER RD,PITTSBURGH,PA,15229,Match,-80.025294019337,40.520779138185
100 ROCHESTER ROAD|15229,100 ROCHESTER ROAD,PITTSBURGH,PA,15229,Match,-80.025294019337,40.520779138185
100 SETTLERS RIDGE CENTER|15205,100 SETTLERS RIDGE CENTER,PITTSBURGH,PA,15205,No_Match,,
1000 CLAIRTON BLVD|15236,1000 CLAIRTON BLVD,PITTSBURGH,PA,15236,No_Match,,
1000 CLAIRTON BOULEVARD|15236,1000 CLAIRTON BOULEVARD,PITTSBURGH,PA,15236,No_Match,,
1000 ROSS PARK MALL DR|15237,1000 ROSS PARK MALL DR,PITTSBURGH,PA,15237,No_Match,,
1000 ROSS PARK MALL D|15237,1000 ROSS PARK MALL D,PITTSBURGH,PA,15237,No_Match,,
1001 BROOKLINE BOULEVARD|15226,1001 BROOKLINE BOULEVARD,PITTSBURGH,PA,15226,Match,-80.017637509637,40.392142556824
1001 EVERGREEN AVE|15209,1001 EVERGREEN AVE,PITTSBURGH,PA,15209,Match,-79.971806210565,40.490403632188
1001 EVERGREEN RD|15209,1001 EVERGREEN RD,PITTSBURGH,PA,15209,Match,-79.971806210565,40.490403632188
1001 WESTERN AVE E|15233,1001 WESTERN AVE E,PITTSBURGH,PA,15233,Match,-80.018952024546,40.451448643103
1001 WESTERN AVE|15233,1001 WESTERN AVE,PITTSBURGH,PA,15233,Match,-80.018952024546,40.451448643103
1006 E CARSON STREET|15203,1006 E. CARSON STREET,PITTSBURGH,PA,15203,Match,-79.988440537279,40.428647198257
101 AMANDA AVENUE|15210,101 AMANDA AVENUE,PITTSBURGH,PA,15210,Match,-79.988141054498,40.415064432124
1017 CHESTNUT ST|15212,1017 CHESTNUT ST,PITTSBURGH,PA,15212,Match,-79.995313058145,40.457180591586
1018 W NORTH AVE|15233,1018 W NORTH AVE,PITTSBURGH,PA,15233,Tie,,
1018 W-NORTH AVE|15233,1018 W-NORTH AVE,PITTSBURGH,PA,15233,Tie,,
1019 BROOKLINE BLVD|15226,1019 BROOKLINE BLVD,PITTSBURGH,PA,15226,Match,-80.016994967315,40.391918313733
1020 MT ROYAL BLVD|15223,1020 MT ROYAL BLVD,PITTSBURGH,PA,15223,Match,-79.95892605104,40.517279619634
1021 PERRY HIGHWAY|15237,1021 PERRY HIGHWAY,PITTSBURGH,PA,15237,Match,-80.036233616995,40.540186180373
1028 PENN AVENUE|15221,1028 PENN AVENUE,PITTSBURGH,PA,15221,Match,-79.878886003383,40.44167209253
1028 PENN AVE|15221,1028 PENN AVE,PITTSBURGH,PA,15221,Match,-79.878886003383,40.44167209253
1030 W VIEW PARK DR|15229,1030 W VIEW PARK DR,PITTSBURGH,PA,15229,Match,-80.036572483419,40.516659660339
104 CLAIRTEN BLVD|15236,104 CLAIRTEN BLVD,PITTSBURGH,PA,15236,Match,-79.960196755255,40.338892917486
104 CLAIRTON BLVD|15236,104 CLAIRTON BLVD,PITTSBURGH,PA,15236,Match,-79.960196755255,40.338892917486
1043 S BRADDOCK AVE|15218,1043 S BRADDOCK AVE,PITTSBURGH,PA,15218,Match,-79.894349357508,40.433353351298
105 BROWNSVILLE RD|15210,105 BROWNSVILLE RD,PITTSBURGH,PA,15210,Match,-79.986457313072,40.417427214227
1050 BRINTON RD|15221,1050 BRINTON RD,PITTSBURGH,PA,15221,Match,-79.873610978026,40.428191629123
10525 FRANKSTOWN ROAD|15235,10525 FRANKSTOWN ROAD,PITTSBURGH,PA,15235,Match,-79.843591251992,40.460120707076
10707 FRANKSTOWN RD|15235,10707 FRANKSTOWN RD,PITTSBURGH,PA,15235,Match,-79.841154563068,40.461467155082
10707 FRANKSTOWN ROAD|15235,10707 FRANKSTOWN ROAD,PITTSBURGH,PA,15235,Match,-79.841154563068,40.461467155082
10733 FRANKSTOWN ROAD|15235,10733 FRANKSTOWN ROAD,PITTSBURGH,PA,15235,Match,-79.841083787099,40.461737873557
10740 FRANKSTOWN ROAD|15235,10740 FRANKSTOWN ROAD,PITTSBURGH,PA,15235,Match,-79.840924537917,40.461785334985
10752 FRANKSTOWN ROAD|15235,10752 FRANKSTOWN ROAD,PITTSBURGH,PA,15235,Match,-79.840901772476,40.461921137143
1081 FREEPORT RD|15238,1081 FREEPORT RD,PITTSBURGH,PA,15238,Match,-79.852710400581,40.518217318212
109 CALIFORNIA AVENUE|15202,109 CALIFORNIA AVENUE,PITTSBURGH,PA,15202,Match,-80.073924382669,40.503532501852
10991 FRANKSTOWN ROAD|15235,10991 FRANKSTOWN ROAD,PITTSBURGH,PA,15235,Match,-79.838745494257,40.46585956175
1101 BROOKLINE BLVD|15226,1101 BROOKLINE BLVD.,PITTSBURGH,PA,15226,Match,-80.015224403367,40.391973273778
1101 POWERS RUN ROAD|15238,1101 POWERS RUN ROAD,PITTSBURGH,PA,15238,Match,-79.856350923694,40.510759094847
1101 S BRADDOCK AVE|15218,1101 S BRADDOCK AVE,PITTSBURGH,PA,15218,Match,-79.893966744856,40.432821571904
1101 S BRADDOCK AV|15218,1101 S BRADDOCK AV,PITTSBURGH,PA,15218,Match,-79.893966744856,40.432821571904
1101 SOUTH BRADDOCK AVENUE|15218,1101 SOUTH BRADDOCK AVENUE,PITTSBURGH,PA,15218,Match,-79.893966744856,40.432821571904
1102 PERRY HIGHWAY|15237,1102 PERRY HIGHWAY,PITTSBURGH,PA,15237,Match,-80.035888564677,40.545188799007
1102 PERRY HWY|15237,1102 PERRY HWY,PITTSBURGH,PA,15237,Match,-80.035888564677,40.545188799007
1103 BROWNSVILLE RD|15210,1103 BROWNSVILLE RD,PITTSBURGH,PA,15210,Match,-79.990776178003,40.405275103321
1103 BROWNSVILLE ROAD|15210,1103 BROWNSVILLE ROAD,PITTSBURGH,PA,15210,Match,-79.990776178003,40.405275103321
1105 FRANKLIN AVENUE|15221,1105 FRANKLIN AVENUE,PITTSBURGH,PA,15221,Match,-79.878907013001,40.438968016809
1105 FRANKLIN AVE|15221,1105 FRANKLIN AVE,PITTSBURGH,PA,15221,Match,-79.878907013001,40.438968016809
1111 FREEPORT RD|15238,1111 FREEPORT RD,PITTSBURGH,PA,15238,Match,-79.882359581941,40.487643316673
1118 CARSON STREET|15203,1118 CARSON STREET,PITTSBURGH,PA,15203,Match,-79.987266962526,40.428673350327
1119 BROWNSVILLE RD|15210,1119 BROWNSVILLE RD,PITTSBURGH,PA,15210,Match,-79.990345157523,40.40453856477
1119 BROWNSVILLE ROAD|15210,1119 BROWNSVILLE ROAD,PITTSBURGH,PA,15210,Match,-79.990345157523,40.40453856477
1121 BOWER HILL RD|15243,1121 BOWER HILL RD.,PITTSBURGH,PA,15243,Match,-80.069797998531,40.375309633942
1125-1135 FREEPORT ROAD|15238,1125-1135 FREEPORT ROAD,PITTSBURGH,PA,15238,Match,-79.881250816654,40.487783986197
1125ARLINGTON AVE|15203,1125ARLINGTON AVE,PITTSBURGH,PA,15203,Match,-79.991520257519,40.422316009864
1130 HIGHWOOD STREET|15212,1130 HIGHWOOD STREET,PITTSBURGH,PA,15212,Match,-80.026021265699,40.468302537527
1130 HIGHWOOD ST|15212,1130 HIGHWOOD ST,PITTSBURGH,PA,15212,Match,-80.026021265699,40.468302537527
1130 PERRY HGWY|15237,1130 PERRY HGWY,PITTSBURGH,PA,15237,Match,-80.036616055233,40.54751378661
1130 PERRY HIGHWAY|15237,1130 PERRY HIGHWAY,PITTSBURGH,PA,15237,Match,-80.036616055233,40.54751378661
1141 FREEPORT RD|15238,1141 FREEPORT RD,PITTSBURGH,PA,15238,Match,-79.88097788306,40.487822693178
115 SMITHFIELD ST|15222,115 SMITHFIELD ST,PITTSBURGH,PA,15222,Match,-80.000535166751,40.437374775907
11689 PENN HILLS DR|15235,11689 PENN HILLS DR,PITTSBURGH,PA,15235,No_Match,,
117 CLIMAX STREET|15210,117 CLIMAX STREET,PITTSBURGH,PA,15210,Match,-80.005362161709,40.419209424597
117 SOUTH 18TH STREET|15203,117 SOUTH 18TH STREET,PITTSBURGH,PA,15203,Match,-79.980614047397,40.42745264694
1172 JEFFERSON HEIGHTS RO|15235,1172 JEFFERSON HEIGHTS RO,PITTSBURGH,PA,15235,Match,-79.813393138832,40.445119295181
11835 FRANKSTOWN ROAD|15235,11835 FRANKSTOWN ROAD,PITTSBURGH,PA,15235,Match,-79.824388458626,40.468740117016
120 FEDERAL ST|15212,120 FEDERAL ST,PITTSBURGH,PA,15212,Match,-80.004013282028,40.447744513714
120 SIXTH ST|15222,120 SIXTH ST,PITTSBURGH,PA,15222,Match,-80.002564971263,40.443497389698
1200 S BRADDOCK AVE|15218,1200 S BRADDOCK AVE,PITTSBURGH,PA,15218,Match,-79.89330521369,40.431671865913
1201 AIRPORT BLVD|15231,1201 AIRPORT BLVD,PITTSBURGH,PA,15231,No_Match,,
12012 FRANKSTOWN RD|15235,12012 FRANKSTOWN RD,PITTSBURGH,PA,15235,Match,-79.82314546135,40.469790888743
1215 BRIGHTON ROAD|15233,1215 BRIGHTON ROAD,PITTSBURGH,PA,15233,Match,-80.015069741713,40.455187541211
122 N HIGHLAND AVE|15206,122 N HIGHLAND AVE,PITTSBURGH,PA,15206,Match,-79.924471676268,40.46205934604
1222 BROWNSVILLE ROAD|15210,1222 BROWNSVILLE ROAD,PITTSBURGH,PA,15210,Match,-79.990087702591,40.403608015229
12252 FRANKSTOWN RD|15235,12252 FRANKSTOWN RD,PITTSBURGH,PA,15235,Match,-79.819767328254,40.472672169266
123 N NEGLEY AVE|15206,123 N NEGLEY AVE,PITTSBURGH,PA,15206,Match,-79.930589709805,40.463772418295
1235 MULDOWNEY AVE|15207,1235 MULDOWNEY AVE,PITTSBURGH,PA,15207,Match,-79.914247339512,40.368767803669
125 VIRGINIA AVE|15211,125 VIRGINIA AVE,PITTSBURGH,PA,15211,Match,-80.008524755913,40.430022307365
125 WEST STATION SQUARE|15219,125 WEST STATION SQUARE,PITTSBURGH,PA,15219,Match,-80.004084496502,40.433137924552
127 NORTH NAGLEY AVE|15206,127 NORTH NAGLEY AVE,PITTSBURGH,PA,15206,Match,-79.930567749445,40.463809446682
1282 BRINTON RD|15221,1282 BRINTON RD,PITTSBURGH,PA,15221,Match,-79.864593124513,40.422500246416
1300 N MURTLAND|15208,1300 N MURTLAND,PITTSBURGH,PA,15208,Match,-79.899681599961,40.461947578603
1300 WOODLAND AVENUE|15212,1300 WOODLAND AVENUE,PITTSBURGH,PA,15212,Match,-80.030188275559,40.469118726117
1300 WOODLAND AVE|15212,1300 WOODLAND AVE,PITTSBURGH,PA,15212,Match,-80.030188275559,40.469118726117
1304 FEDERAL ST|15212,1304 FEDERAL ST,PITTSBURGH,PA,15212,Match,-80.006998443315,40.456813427238
1306 BROOKLINE BLVD|15226,1306 BROOKLINE BLVD,PITTSBURGH,PA,15226,Match,-80.010716789832,40.392222639837
132 BEN AVON HEIGHT RD|15237,132 BEN AVON HEIGHT RD,PITTSBURGH,PA,15237,No_Match,,
132 BURROWS STREET|15213,132 BURROWS STREET,PITTSBURGH,PA,15213,Match,-79.96656059703,40.439109855748
132 N HIGHLAND AVE|15206,132 N. HIGHLAND AVE.,PITTSBURGH,PA,15206,Match,-79.924449739681,40.46210706526
1327 ARCH STREET|15212,1327 ARCH STREET,PITTSBURGH,PA,15212,Match,-80.009236850393,40.456770487521
1327 ARCH ST|15212,1327 ARCH ST,PITTSBURGH,PA,15212,Match,-80.009236850393,40.456770487521
1329 BABCOCK BLVD|15209,1329 BABCOCK BLVD,PITTSBURGH,PA,15209,Match,-79.976463184473,40.495583217661
1330 BANKSVILLE RD|15216,1330 BANKSVILLE RD,PITTSBURGH,PA,15216,Match,-80.03014333516,40.415274510946
1341 ADAMS ST|15233,1341 ADAMS ST,PITTSBURGH,PA,15233,Match,-80.02687839651,40.458705070815
1347 A WEST LIBERTY AVE|15226,1347 A WEST LIBERTY AVE,PITTSBURGH,PA,15226,Match,-80.011631594069,40.411371315354
136 NINTH STREET|15222,136 NINTH STREET,PITTSBURGH,PA,15222,Match,-79.998899735418,40.44477280851
14 FORT COUCH ROAD|15241,14 FORT COUCH ROAD,PITTSBURGH,PA,15241,Match,-80.051092203876,40.337355457661
14 FORTCOUCH ROAD|15241,14 FORTCOUCH ROAD,PITTSBURGH,PA,15241,Match,-80.051092203876,40.337355457661
1407 LINCOLN AVENUE|15206,1407 LINCOLN AVENUE,PITTSBURGH,PA,15206,Match,-79.896932376339,40.468020984943
1407 LINCOLN AVE|15206,1407 LINCOLN AVE,PITTSBURGH,PA,15206,Match,-79.896932376339,40.468020984943
1408 POTOMAC AVE|15216,1408 POTOMAC AVE,PITTSBURGH,PA,15216,Match,-80.034361637015,40.395265591966
1412 RADFORD ROAD|15227,1412 RADFORD ROAD,PITTSBURGH,PA,15227,Match,-79.966907884775,40.36478626691
1433 LINCOLN AVE|15206,1433 LINCOLN AVE,PITTSBURGH,PA,15206,Match,-79.896736138345,40.468315724844
145 MCMURRAY ROAD|15241,145 MCMURRAY ROAD,PITTSBURGH,PA,15241,Match,-80.065398324491,40.32554659745
1498 CENTER AVE|15229,1498 CENTER AVE,PITTSBURGH,PA,15229,Match,-80.04486624957,40.51520032125
15 FOSTER AVE|15205,15 FOSTER AVE,PITTSBURGH,PA,15205,Match,-80.06876225291,40.440729930924
1500 LINCOLN AVENUE|15206,1500 LINCOLN AVENUE,PITTSBURGH,PA,15206,Match,-79.895940783843,40.468742936954
1500 SPRING GARDEN AVE|15212,1500 SPRING GARDEN AVE,PITTSBURGH,PA,15212,Match,-79.986017579429,40.464108884791
1500 YOST BOULEVARD|15221,1500 YOST BOULEVARD,PITTSBURGH,PA,15221,Match,-79.856496179513,40.412528039915
1506 5TH AVE|15219,1506 5TH AVE,PITTSBURGH,PA,15219,Match,-79.984936709513,40.438478408203
1511 CENTER AVENUE|15229,1511 CENTER AVENUE,PITTSBURGH,PA,15229,Match,-80.044779746823,40.514988785047
1516 BRIGHTON RD|15212,1516 BRIGHTON RD,PITTSBURGH,PA,15212,Match,-80.015569596302,40.457020353902
1530 POTOMAC AVE|15216,1530 POTOMAC AVE,PITTSBURGH,PA,15216,Match,-80.035494549437,40.3967773121
1534 BRIGHTON ROAD|15212,1534 BRIGHTON ROAD,PITTSBURGH,PA,15212,Match,-80.015626970052,40.457193601584
1540 WASHINGTON ROAD|15228,1540 WASHINGTON ROAD,PITTSBURGH,PA,15228,Match,-80.050429941659,40.355999034825
156 BEN AVON HEIGHTS RD|15237,156 BEN AVON HEIGHTS RD,PITTSBURGH,PA,15237,Match,-80.070386457609,40.52299888879
156 BEN AVON HEIGHTS ROAD|15237,156 BEN AVON HEIGHTS ROAD,PITTSBURGH,PA,15237,Match,-80.070386457609,40.52299888879
1568 MONTIER STREET|15221,1568 MONTIER STREET,PITTSBURGH,PA,15221,Match,-79.871660284572,40.445894270718
1574 MONTIER STREET|15221,1574 MONTIER STREET,PITTSBURGH,PA,15221,Match,-79.87156082069,40.445924869756
1586 ELECTRIC AVE|15112,1586 ELECTRIC AVE,E PITTSBURGH,PA,15112,Match,-79.837307544182,40.402557458212
1600 BRADDOCK AVE|15218,1600 BRADDOCK AVE,PITTSBURGH,PA,15218,Match,-79.890963944548,40.427216021785
1600 POTOMAC AVE|15216,1600 POTOMAC AVE,PITTSBURGH,PA,15216,Match,-80.036163081988,40.397597838692
1600 S BRADDOCK AVE|15218,1600 S BRADDOCK AVE,PITTSBURGH,PA,15218,Match,-79.890963944548,40.427216021785
1601 LOWRIE STREET|15212,1601 LOWRIE STREET,PITTSBURGH,PA,15212,Match,-79.983349097868,40.46258980365
16010 S BRADDOCK AVE|15218,16010 S. BRADDOCK AVE.,PITTSBURGH,PA,15218,No_Match,,
1604 BROADWAY AVE|15216,1604 BROADWAY AVE,PITTSBURGH,PA,15216,Match,-80.024747099731,40.410436417668
1605 5TH AVENUE|15219,1605 5TH AVENUE,PITTSBURGH,PA,15219,Match,-79.983875190421,40.438550337513
1608 WALZ STREET|15212,1608 WALZ STREET,PITTSBURGH,PA,15212,Match,-79.991168335237,40.463331072001
1613 BROWNSVILLE ROAD|15210,1613 BROWNSVILLE ROAD,PITTSBURGH,PA,15210,Match,-79.988943756335,40.399372685658
1620 BABCOCK BLVD|15209,1620 BABCOCK BLVD,PITTSBURGH,PA,15209,Match,-79.979153742087,40.498670286035
1630 COCHRAN ROAD|15220,1630 COCHRAN ROAD,PITTSBURGH,PA,15220,Match,-80.0604476369,40.391608788452
1632 SAW MILL RUN BLVD|15210,1632 SAW MILL RUN BLVD.,PITTSBURGH,PA,15210,Match,-79.999613246214,40.397758174433
1636 COCHRAN RD|15220,1636 COCHRAN RD,PITTSBURGH,PA,15220,Match,-80.060652666238,40.39170871657
1639 SOUTH BRADDOCK AVE|15218,1639 SOUTH BRADDOCK AVE,PITTSBURGH,PA,15218,Match,-79.889557890365,40.426247282852
164 FREEPORT ROAD|15238,164 FREEPORT ROAD,PITTSBURGH,PA,15238,Match,-79.865465281187,40.491594779563
1640 SAW MILL RUN BOULEVA|15210,1640 SAW MILL RUN BOULEVA,PITTSBURGH,PA,15210,Match,-79.999461697073,40.397579711665
1640 SAW MILLRUN BOULEVARD|15210,1640 SAW MILLRUN BOULEVARD,PITTSBURGH,PA,15210,Match,-79.999461697073,40.397579711665
1642 PENN AVE|15222,1642 PENN AVE,PITTSBURGH,PA,15222,Match,-79.986834239717,40.449160322994
1643 ARLINGTON AVE|15210,1643 ARLINGTON AVE,PITTSBURGH,PA,15210,Match,-79.986834145312,40.417900958644
1695 MCFARLAND RD|15216,1695 MCFARLAND RD,PITTSBURGH,PA,15216,Match,-80.04644482679,40.396182922295
1700 MURRAY AVE|15217,1700 MURRAY AVE,PITTSBURGH,PA,15217,Match,-79.923056044562,40.437996350201
1705 S BRADDOCK AVE|15218,1705 S BRADDOCK AVE,PITTSBURGH,PA,15218,Match,-79.890165662492,40.426803020983
1707 BABCOCK BLVD|15209,1707 BABCOCK BLVD,PITTSBURGH,PA,15209,Match,-79.980709942448,40.500372073671
1709 SAW MILL RUN BLVD|15210,1709 SAW MILL RUN BLVD,PITTSBURGH,PA,15210,Match,-79.997644338247,40.395786173657
1709 SAW MILL RUN BOULEVARD|15210,1709 SAW MILL RUN BOULEVARD,PITTSBURGH,PA,15210,Match,-79.997644338247,40.395786173657
1710 WASHINGTON RD|15241,1710 WASHINGTON RD,PITTSBURGH,PA,15241,Match,-80.052635014819,40.348432353357
1710 WASHINGTON ROAD|15241,1710 WASHINGTON ROAD,PITTSBURGH,PA,15241,Match,-80.052635014819,40.348432353357
1712 5TH AVE|15219,1712 5TH AVE,PITTSBURGH,PA,15219,Match,-79.982399926889,40.438375562294
1717 COCHRAN ROAD|15220,1717 COCHRAN ROAD,PITTSBURGH,PA,15220,Match,-80.063567395093,40.393021456074
1720 MURRAY AVE|15217,1720 MURRAY AVE,PITTSBURGH,PA,15217,Match,-79.923045250978,40.437799031176
1721 BANKSVILLE ROAD|15216,1721 BANKSVILLE ROAD,PITTSBURGH,PA,15216,Match,-80.032019840351,40.409093837184
1721 BEDFORD AVE|15219,1721 BEDFORD AVE,PITTSBURGH,PA,15219,Match,-79.986101358729,40.445010797273
1725 BEAVER AVE|15233,1725 BEAVER AVE,PITTSBURGH,PA,15233,Match,-80.030230214831,40.456863290263
1727 PENN AVE|15222,1727 PENN AVE,PITTSBURGH,PA,15222,Match,-79.985808338225,40.449954609373
1741 WASHINGTON ROAD|15241,1741 WASHINGTON ROAD,PITTSBURGH,PA,15241,Match,-80.052960852871,40.347824528026
1748 CHISLETT STREET|15206,1748 CHISLETT STREET,PITTSBURGH,PA,15206,Match,-79.926030016174,40.485126745285
1755 N HIGHLAND RD NORMAN CENTRE II|15201,1755 N HIGHLAND RD NORMAN CENTRE II,PITTSBURGH,PA,15201,Match,-80.052079069227,40.352601589527
178 PEARL STREET|15224,178 PEARL STREET,PITTSBURGH,PA,15224,Match,-79.948781619445,40.463866620943
1800 1814 MORNINGSIDE AVE|15206,1800 1814 MORNINGSIDE AVE,PITTSBURGH,PA,15206,Match,-79.92678691298,40.486731486591
1800 FORBES AVE|15219,1800 FORBES AVE,PITTSBURGH,PA,15219,Match,-79.981360186924,40.437439477719
1801 WASHINGTON ROAD|15241,1801 WASHINGTON ROAD,PITTSBURGH,PA,15241,Match,-80.055080905496,40.346939407366
1804 GOLDEN MILE HWY|15239,1804 GOLDEN MILE HWY,PITTSBURGH,PA,15239,Match,-79.713839393117,40.446309346548
1829 WEST LIBERTY AVENUE|15226,1829 WEST LIBERTY AVENUE,PITTSBURGH,PA,15226,Match,-80.01850481624,40.406077007707
1829 WEST LIBERTY AVE|15226,1829 WEST LIBERTY AVE,PITTSBURGH,PA,15226,Match,-80.01850481624,40.406077007707
184 ROCHESTER ROAD|15229,184 ROCHESTER ROAD,PITTSBURGH,PA,15229,Match,-80.020249108189,40.520500767991
1860 CENTER AVE|15219,1860 CENTER AVE,PITTSBURGH,PA,15219,Match,-79.980975259913,40.443098330881
188 BUTLER ST|15223,188 BUTLER ST,PITTSBURGH,PA,15223,Match,-79.948050591496,40.493442473891
1901 1903 FIFTH AVE|15219,1901 1903 FIFTH AVE,PITTSBURGH,PA,15219,Match,-79.979331615831,40.438354897185
1901 FIFTH AVE|15219,1901 FIFTH AVE,PITTSBURGH,PA,15219,Match,-79.979364849263,40.438356225409
1901 MURRAY AVENUE|15217,1901 MURRAY AVENUE,PITTSBURGH,PA,15217,Match,-79.922801825908,40.435966984157
1901 MURRAY AVE|15217,1901 MURRAY AVE,PITTSBURGH,PA,15217,Match,-79.922801825908,40.435966984157
1909 PAINTERS RUN ROAD|15241,1909 PAINTERS RUN ROAD,PITTSBURGH,PA,15241,No_Match,,
1915 1921 E CARSON ST|15203,1915 1921 E CARSON ST,PITTSBURGH,PA,15203,Match,-79.978779137601,40.428707416724
1915 MCCAGUE ST|15218,1915 MCCAGUE ST,PITTSBURGH,PA,15218,Match,-79.887483307477,40.422754629743
1917 CENTRE AVENUE|15219,1917 CENTRE AVENUE,PITTSBURGH,PA,15219,Match,-79.980568934699,40.443524920387
1917 CENTRE AVE|15219,1917 CENTRE AVE,PITTSBURGH,PA,15219,Match,-79.980568934699,40.443524920387
1920 SPRING GARDENS DR|15212,1920 SPRING GARDENS DR,PITTSBURGH,PA,15212,Match,-79.985570314328,40.46884882786
1926 BROWNSVILLE ROAD|15210,1926 BROWNSVILLE ROAD,PITTSBURGH,PA,15210,Match,-79.987256697997,40.39588080813
1927 BROWNSVILLE ROAD|15210,1927 BROWNSVILLE ROAD,PITTSBURGH,PA,15210,Match,-79.987120138205,40.395928920735
1927 EAST RAILROAD STREET|15106,1927 EAST RAILROAD STREET,PITTSBURGH,PA,15106,Tie,,
1929 MURRAY AVE|15217,1929 MURRAY AVE,PITTSBURGH,PA,15217,Match,-79.922785053382,40.435637436135
1930 SPRING GARDEN AVE|15212,1930 SPRING GARDEN AVE,PITTSBURGH,PA,15212,Match,-79.985595434023,40.468915750916
1931 WEBSTER AVE|15219,1931 WEBSTER AVE,PITTSBURGH,PA,15219,Match,-79.982489832215,40.445486726701
1935 CRAFTON BLVD|15205,1935 CRAFTON BLVD,PITTSBURGH,PA,15205,Match,-80.069727775364,40.431625971917
1948 GREENTREE ROAD|15220,1948 GREENTREE ROAD,PITTSBURGH,PA,15220,Match,-80.066385883376,40.395543010235
195 N CRAIG ST|15213,195 N CRAIG ST,PITTSBURGH,PA,15213,Match,-79.950739726916,40.449668310101
1956 GREENTREE ROAD|15220,1956 GREENTREE ROAD,PITTSBURGH,PA,15220,Match,-80.066408682917,40.39539350796
1980 PAINTERS RUN ROAD|15241,1980 PAINTERS RUN ROAD,PITTSBURGH,PA,15241,Match,-80.085894990913,40.363674272859
2 PPG PLACE|15222,2 PPG PLACE,PITTSBURGH,PA,15222,Match,-80.00352157224,40.44025868129
20 BAILEY AVENUE|15211,20 BAILEY AVENUE,PITTSBURGH,PA,15211,Match,-80.005044591973,40.42695435516
20 W PROSPECT AVE|15205,20 W PROSPECT AVE,PITTSBURGH,PA,15205,Match,-80.066595348609,40.445338618455
200 CRAFTON INGRAM SHOPPING CENTER|15205,200 CRAFTON INGRAM SHOPPING CENTER,PITTSBURGH,PA,15205,No_Match,,
200 DIVISION ST|15202,200 DIVISION ST.,PITTSBURGH,PA,15202,Match,-79.884660965248,40.392390330771
2000 S BRADDOCK AVE|15218,2000 S BRADDOCK AVE,PITTSBURGH,PA,15218,Match,-79.885567576104,40.422053028166
2001 MURRAY AVE|15217,2001 MURRAY AVE,PITTSBURGH,PA,15217,Match,-79.922762042405,40.434693614147
2003 GOLDEN MILE HWY|15239,2003 GOLDEN MILE HWY,PITTSBURGH,PA,15239,Match,-79.710952533993,40.454993087741
201 GRACE STREET|15211,201 GRACE STREET,PITTSBURGH,PA,15211,Match,-80.045666480414,40.547300292252
2010 MURRAY AVE|15217,2010 MURRAY AVE,PITTSBURGH,PA,15217,Match,-79.922919151449,40.434606756707
2020 SPRING GARDEN AVE|15212,2020 SPRING GARDEN AVE,PITTSBURGH,PA,15212,Match,-79.985843398795,40.469513383025
2020 WHARTON ST|15203,2020 WHARTON ST,PITTSBURGH,PA,15203,Match,-79.97712597258,40.430307902571
2021 WHARTON AVE|15203,2021 WHARTON AVE,PITTSBURGH,PA,15203,Match,-79.977114210304,40.43042214359
2024 MURRAY AVENUE|15217,2024 MURRAY AVENUE,PITTSBURGH,PA,15217,Match,-79.922928627997,40.434476258002
2024 MURRAY|15217,2024 MURRAY,PITTSBURGH,PA,15217,Match,-79.922928627997,40.434476258002
2025 E CARSON ST|15203,2025 E CARSON ST,PITTSBURGH,PA,15203,Match,-79.977255377582,40.428622179076
203 WILBUR ST|15210,203 WILBUR ST,PITTSBURGH,PA,15210,Match,-79.992449949662,40.407631956853
2040 CENTRE|15219,2040 CENTRE,PITTSBURGH,PA,15219,Match,-79.978788927144,40.444324159122
208 FIFTH AVE|15222,208 FIFTH AVE,PITTSBURGH,PA,15222,Match,-80.001898766146,40.441240399691
209 ATWOOD ST|15213,209 ATWOOD ST,PITTSBURGH,PA,15213,Match,-79.957317901085,40.440926102437
2100 NOBLE STREET|15218,2100 NOBLE STREET,PITTSBURGH,PA,15218,Match,-79.88547930865,40.42058468505
2101 PERRYSVILLE AVENUE|15214,2101 PERRYSVILLE AVENUE,PITTSBURGH,PA,15214,Match,-80.012240755503,40.463744272871
2101 PERRYSVILLE AVE|15214,2101 PERRYSVILLE AVE,PITTSBURGH,PA,15214,Match,-80.012240755503,40.463744272871
2101CENDER AVE|15219,2101CENDER AVE,PITTSBURGH,PA,15219,No_Match,,
2103 NOBLESTOWN ROAD|15201,2103 NOBLESTOWN ROAD,PITTSBURGH,PA,15201,Match,-80.053106990614,40.431463933462
2103 NOBLESTOWN ROAD|15205,2103 NOBLESTOWN ROAD,PITTSBURGH,PA,15205,Match,-80.053106990614,40.431463933462
211 MOUNT NEBO ROAD|15237,211 MOUNT NEBO ROAD,PITTSBURGH,PA,15237,Match,-80.070391292228,40.531551732672
211 SMITHFIELD STREET|15222,211 SMITHFIELD STREET,PITTSBURGH,PA,15222,Match,-80.000188771237,40.437889066338
2110 ARDMORE BOULEVARD|15221,2110 ARDMORE BOULEVARD,PITTSBURGH,PA,15221,Match,-79.850087599447,40.419524581969
2112 2116 PENN AVE|15222,2112 2116 PENN AVE,PITTSBURGH,PA,15222,Match,-79.982890013197,40.451762736884
2116 BROWNSVILLE ROAD|15210,2116 BROWNSVILLE ROAD,PITTSBURGH,PA,15210,Match,-79.986626713577,40.392879335791
2121 NOBLESTOWN ROAD|15205,2121 NOBLESTOWN ROAD,PITTSBURGH,PA,15205,Match,-80.053358255158,40.430961616937
2131 ARDMORE BLVD|15221,2131 ARDMORE BLVD,PITTSBURGH,PA,15221,Match,-79.849464623329,40.419298549343
2136 BABCOCK BLVD|15209,2136 BABCOCK BLVD,PITTSBURGH,PA,15209,Match,-79.991810588916,40.509946747031
214 NORTH CRAIG STREET|15213,214 NORTH CRAIG STREET,PITTSBURGH,PA,15213,Match,-79.950875393524,40.450159060598
215 S HIGHLAND AVE|15206,215 S HIGHLAND AVE,PITTSBURGH,PA,15206,Match,-79.925048171856,40.458636666619
2158 BROWNSVILLE ROAD|15210,2158 BROWNSVILLE ROAD,PITTSBURGH,PA,15210,Match,-79.986679370189,40.392113631666
216 BELTZHOOVER AVE|15210,216 BELTZHOOVER AVE,PITTSBURGH,PA,15210,Match,-79.997428055369,40.420260897717
2168 CENTER AVE|15219,2168 CENTER AVE,PITTSBURGH,PA,15219,Match,-79.976703570892,40.445209306515
219 ST JOSEPH ST|15210,219 ST JOSEPH ST,PITTSBURGH,PA,15210,Match,-79.983968992881,40.413339963049
2199 BABCOCK BLVD|15209,2199 BABCOCK BLVD,PITTSBURGH,PA,15209,Match,-79.993878526901,40.510825839681
22 GRANT STREET|15223,22 GRANT STREET,PITTSBURGH,PA,15223,Match,-79.948906186738,40.504045127777
2200 MAIN STREET|15215,2200 MAIN STREET,PITTSBURGH,PA,15215,Match,-79.915193182668,40.49359654021
2208 ARLINGTON AVENUE|15210,2208 ARLINGTON AVENUE,PITTSBURGH,PA,15210,Match,-79.975807721813,40.417083644101
2208 ARLINGTON AVE|15210,2208 ARLINGTON AVE,PITTSBURGH,PA,15210,Match,-79.975807721813,40.417083644101
2208 MURRAY AVE|15217,2208 MURRAY AVE,PITTSBURGH,PA,15217,Match,-79.923256259188,40.432068255349
2210 MURRAY AVE|15217,2210 MURRAY AVE,PITTSBURGH,PA,15217,Match,-79.92326433119,40.432009586477
2215 TEMPERANCE DR|15223,2215 TEMPERANCE DR,PITTSBURGH,PA,15223,Match,-80.068132023096,40.570024651687
2222 WEBSTER AVE|15219,2222 WEBSTER AVE,PITTSBURGH,PA,15219,Match,-79.977002232897,40.447655081217
225 WEST STATON SQUARE DRIVE|15219,225 WEST STATON SQUARE DRIVE,PITTSBURGH,PA,15219,Match,-80.005334170911,40.433839137586
226 6TH AT LIBERTY STREET|15222,226 6TH AT LIBERTY STREET,PITTSBURGH,PA,15222,Tie,,
226 N NEGLEY AVE|15206,226 N NEGLEY AVE,PITTSBURGH,PA,15206,Match,-79.929811713799,40.464798487545
2269 NOBLESTOWN ROAD|15205,2269 NOBLESTOWN ROAD,PITTSBURGH,PA,15205,Match,-80.053497111261,40.428265921337
2270 NOBLESTOWN ROAD|15205,2270 NOBLESTOWN ROAD,PITTSBURGH,PA,15205,Match,-80.053594229484,40.428590091514
230 HAYS AVE|15210,230 HAYS AVE,PITTSBURGH,PA,15210,Match,-79.987748136723,40.414267435322
2300 02 BROWNSVILLE RD|15210,2300 02 BROWNSVILLE RD,PITTSBURGH,PA,15210,No_Match,,
2300 2302 BROWNSVILLE ROA|15210,2300 2302 BROWNSVILLE ROA,PITTSBURGH,PA,15210,Match,-79.985417037563,40.389153756252
2300 JANE ST|15203,2300 JANE ST,PITTSBURGH,PA,15203,Match,-79.973153678975,40.426452517647
2316 WEBSTER AVE|15219,2316 WEBSTER AVE,PITTSBURGH,PA,15219,Match,-79.975283355023,40.448383998673
2321 WORTON BLVD|15122,2321 WORTON BLVD,PITTSBURGH,PA,15122,Match,-79.871485832033,40.360758084746
2333 BEECHWOOD BLVD|15217,2333 BEECHWOOD BLVD,PITTSBURGH,PA,15217,Match,-79.914505226535,40.433214777303
2350 CENTER AVE|15219,2350 CENTER AVE,PITTSBURGH,PA,15219,Match,-79.972979794539,40.445530346236
2350 CENTRE AVE|15219,2350 CENTRE AVE,PITTSBURGH,PA,15219,Match,-79.972979794539,40.445530346236
2350 NOBLESTOWN RD|15205,2350 NOBLESTOWN RD,PITTSBURGH,PA,15205,Match,-80.055358172853,40.427191952978
2362 GOLDEN MILE HWY|15239,2362 GOLDEN MILE HWY,PITTSBURGH,PA,15239,Match,-79.707730003719,40.458695572057
2373 NOBLESTOWN RD|15205,2373 NOBLESTOWN RD,PITTSBURGH,PA,15205,Match,-80.055996279331,40.426806172661
240 HAYS AVENUE|15210,240 HAYS AVENUE,PITTSBURGH,PA,15210,Match,-79.9877451177,40.414227868443
2401 E CARSON ST|15203,2401 E CARSON ST,PITTSBURGH,PA,15203,Match,-79.971070660934,40.428245436835
2405 ROUTE 286|15239,2405 ROUTE 286,PITTSBURGH,PA,15239,Match,-79.705453050559,40.465847228953
2407 09 WYLIE AVE|15219,2407 09 WYLIE AVE,PITTSBURGH,PA,15219,No_Match,,
2408 REED STREET|15219,2408 REED STREET,PITTSBURGH,PA,15219,Match,-79.971691663338,40.444998851558
2414 BROWNSVILLE ROAD|15210,2414 BROWNSVILLE ROAD,PITTSBURGH,PA,15210,Match,-79.982199394543,40.38682430344
2425 WYLIE AVE|15219,2425 WYLIE AVE,PITTSBURGH,PA,15219,Match,-79.972702819389,40.4477423092
244 PROVOST ROAD|15227,244 PROVOST ROAD,PITTSBURGH,PA,15227,Match,-79.994066790372,40.375781691892
250 SUMMIT PARK DR|15275,250 SUMMIT PARK DR,PITTSBURGH,PA,15275,Match,-80.180500325415,40.44768265192
2501 BANKSVILLE ROAD|15216,2501 BANKSVILLE ROAD,PITTSBURGH,PA,15216,Match,-80.034228568995,40.406885666785
2501 BRIGHTON ROAD|15212,2501 BRIGHTON ROAD,PITTSBURGH,PA,15212,No_Match,,
2501 SAW MILL RUN BLVD|15234,2501 SAW MILL RUN BLVD,PITTSBURGH,PA,15234,No_Match,,
2501 THE GALLERIA AT SOUT 1500 WASHINGTON ROAD|15228,2501 THE GALLERIA AT SOUT 1500 WASHINGTON ROAD,PITTSBURGH,PA,15228,Match,-80.050440899907,40.357449033779
251 CURRY HOLLOW RD PLEASANT HILLS|15236,251 CURRY HOLLOW RD PLEASANT HILLS,PITTSBURGH,PA,15236,Match,-79.971082482865,40.336530985853
2520 BEDFORD AVE|15219,2520 BEDFORD AVE,PITTSBURGH,PA,15219,Match,-79.972026379549,40.45083965083
2520 WASHINGTON ROAD|15241,2520 WASHINGTON ROAD,PITTSBURGH,PA,15241,Match,-80.088060929561,40.318677976577
253 EDGEWOOD AVE|15218,253 EDGEWOOD AVE,PITTSBURGH,PA,15218,Match,-79.884306501227,40.430620600001
2531 GREENSBURG PIKE|15221,2531 GREENSBURG PIKE,PITTSBURGH,PA,15221,Match,-79.851900908771,40.436883094775
2532 BROWNSVILLE RD|15210,2532 BROWNSVILLE RD,PITTSBURGH,PA,15210,Match,-79.979429070549,40.386069060189
254 S HIGHLAND AVE|15206,254 S HIGHLAND AVE,PITTSBURGH,PA,15206,Match,-79.925275513146,40.457322452154
255 CENTER STREET|15239,255 CENTER STREET,PITTSBURGH,PA,15239,Match,-79.78056284805,40.491193028195
255 UNITY CENTER RD|15239,255 UNITY CENTER RD,PITTSBURGH,PA,15239,Match,-79.780640739018,40.489952324546
255 UNITY CENTER ROAD|15239,255 UNITY CENTER ROAD,PITTSBURGH,PA,15239,Match,-79.780640739018,40.489952324546
256 S HIGHLAND AVE|15206,256 S HIGHLAND AVE,PITTSBURGH,PA,15206,Match,-79.925275763241,40.4573161112
256S HIGHLAND AVE|15206,256S HIGHLAND AVE,PITTSBURGH,PA,15206,Match,-79.925275763241,40.4573161112
2601 FREEPORT RD|15238,2601 FREEPORT RD,PITTSBURGH,PA,15238,Match,-79.840616594902,40.536606899038
2601 PERRYSVILLE AVENUE|15212,2601 PERRYSVILLE AVENUE,PITTSBURGH,PA,15212,No_Match,,
2601 PERRYSVILLE AVENUE|15214,2601 PERRYSVILLE AVENUE,PITTSBURGH,PA,15214,No_Match,,
2601 S BRADDOCK AVE|15218,2601 S BRADDOCK AVE,PITTSBURGH,PA,15218,No_Match,,
2604 GOLDEN MILE HIGHWAY|15239,2604 GOLDEN MILE HIGHWAY,PITTSBURGH,PA,15239,Match,-79.705888519956,40.468535196952
2604 ROUTE 286|15239,2604 ROUTE 286,PITTSBURGH,PA,15239,No_Match,,
2611 FREEPORT ROAD|15238,2611 FREEPORT ROAD,PITTSBURGH,PA,15238,Match,-79.838236830118,40.537309451804
262 FIFTH AVENUE|15222,262 FIFTH AVENUE,PITTSBURGH,PA,15222,Match,-80.001666349942,40.441160094226
2625 BROWNSVILLE ROAD|15227,2625 BROWNSVILLE ROAD,PITTSBURGH,PA,15227,Match,-79.978411387423,40.385377763204
2661 FREEPORT ROAD|15238,2661 FREEPORT ROAD,PITTSBURGH,PA,15238,Match,-79.836293696607,40.537663924295
27 WALSH RD|15205,27 WALSH RD.,PITTSBURGH,PA,15205,Match,-80.071175158618,40.439186787458
272 YOST BLVD|15221,272 YOST BLVD,PITTSBURGH,PA,15221,Match,-79.854565072846,40.413425672531
2790 ROBINSON BLVD|15235,2790 ROBINSON BLVD,PITTSBURGH,PA,15235,Match,-79.86608899889,40.459643933839
280 CRAFTON INGRAM SHOPPING CENTER|15205,280 CRAFTON INGRAM SHOPPING CENTER,PITTSBURGH,PA,15205,No_Match,,
2800 BROWNSVILLE ROAD|15227,2800 BROWNSVILLE ROAD,PITTSBURGH,PA,15227,Match,-79.977345427697,40.383534575063
2820 UNIVERSAL ROAD|15235,2820 UNIVERSAL ROAD,PITTSBURGH,PA,15235,No_Match,,
285 MT LEBANON BLVD|15234,285 MT LEBANON BLVD,PITTSBURGH,PA,15234,Match,-80.037071478999,40.368584676921
2871 FREEPORT ROAD|15238,2871 FREEPORT ROAD,PITTSBURGH,PA,15238,Match,-79.831090348697,40.538607537718
2873 W LIBERTY AVE|15216,2873 W LIBERTY AVE,PITTSBURGH,PA,15216,Match,-80.033489568177,40.395477819797
2900 BANKSVILLE ROAD|15216,2900 BANKSVILLE ROAD,PITTSBURGH,PA,15216,Match,-80.041843464326,40.402419175325
2903 BRIGHTON RD|15212,2903 BRIGHTON RD,PITTSBURGH,PA,15212,Match,-80.027110703808,40.471754199499
2903 BRIGHTON ROAD|15212,2903 BRIGHTON ROAD,PITTSBURGH,PA,15212,Match,-80.027110703808,40.471754199499
2929 CHURCHVIEW AVENUE|15227,2929 CHURCHVIEW AVENUE,PITTSBURGH,PA,15227,Match,-79.972745427001,40.385254752837
2929 CHURCHVIEW AVE|15227,2929 CHURCHVIEW AVE,PITTSBURGH,PA,15227,Match,-79.972745427001,40.385254752837
293 CORLISS STREET|15220,293 CORLISS STREET,PITTSBURGH,PA,15220,Match,-80.044366306766,40.450511771632
293 CORLISS ST|15220,293 CORLISS ST,PITTSBURGH,PA,15220,Match,-80.044366306766,40.450511771632
2938 W LIBERTY AVE|15216,2938 W LIBERTY AVE,PITTSBURGH,PA,15216,Match,-80.035344766703,40.394371652385
294 CURRY HOLLOW RD|15236,294 CURRY HOLLOW RD,PITTSBURGH,PA,15236,Match,-79.973823167084,40.335975969609
298 KNOEDLER RD|15236,298 KNOEDLER RD,PITTSBURGH,PA,15236,Match,-79.981279279703,40.342024767405
298 KNOEDLER ROAD|15236,298 KNOEDLER ROAD,PITTSBURGH,PA,15236,Match,-79.981279279703,40.342024767405
2995 W LIBERTY AVE|15216,2995 W LIBERTY AVE,PITTSBURGH,PA,15216,Match,-80.036592683777,40.393226443451
300 BROWNSVILLE ROAD|15210,300 BROWNSVILLE ROAD,PITTSBURGH,PA,15210,Match,-79.988137121886,40.414402580376
300 MT LEBANON BLVD|15234,300 MT LEBANON BLVD,PITTSBURGH,PA,15234,Match,-80.035906495977,40.36882269359
300 W STATION SQUARE DRI|15219,300 W. STATION SQUARE DRI,PITTSBURGH,PA,15219,Match,-80.007509155552,40.435069534895
301 CRAFT AVE|15213,301 CRAFT AVE,PITTSBURGH,PA,15213,Match,-79.96121365126,40.435666118226
3025 BABCOCK BLVD|15237,3025 BABCOCK BLVD,PITTSBURGH,PA,15237,Match,-80.009211833981,40.515354244336
3025 BABCOCK BOULEVARD|15237,3025 BABCOCK BOULEVARD,PITTSBURGH,PA,15237,Match,-80.009211833981,40.515354244336
304 FREEPORT RD|15215,304 FREEPORT RD,PITTSBURGH,PA,15215,Match,-79.903433618275,40.489414953039
304 FREEPORT ROAD|15215,304 FREEPORT ROAD,PITTSBURGH,PA,15215,Match,-79.903433618275,40.489414953039
304 VIRGINIA AVE|15211,304 VIRGINIA AVE,PITTSBURGH,PA,15211,Match,-80.010900267836,40.43126205992
3040 BANKSVILLE RD|15216,3040 BANKSVILLE RD,PITTSBURGH,PA,15216,Match,-80.043051618517,40.401155823849
3060 SUSSEX AVE|15226,3060 SUSSEX AVE,PITTSBURGH,PA,15226,Match,-80.015796947331,40.383979547595
307 TAYLOR AVE|15212,307 TAYLOR AVE,PITTSBURGH,PA,15212,Match,-80.010803579147,40.456677404521
309 CENTER AVE BOX 346|16160,309 CENTER AVE BOX 346,WEST PITTSBURGH,PA,16160,Match,-80.363563325498,40.934014156348
3090 SUSSEX AVE|15226,3090 SUSSEX AVE,PITTSBURGH,PA,15226,Match,-80.01549570619,40.383485462725
310 CEDAR AVE|15212,310 CEDAR AVE,PITTSBURGH,PA,15212,Match,-80.000871569327,40.450992333061
3100 WEST LIBERTY AVENUE|15216,3100 WEST LIBERTY AVENUE,PITTSBURGH,PA,15216,Match,-80.038923246857,40.391454177591
3100 WEST LIBERTY AVE|15216,3100 WEST LIBERTY AVE,PITTSBURGH,PA,15216,Match,-80.038923246857,40.391454177591
3103 PENN AVE|15201,3103 PENN AVE,PITTSBURGH,PA,15201,Match,-79.971337197135,40.459898336743
3112-14 CHARTIERS AVE|15204,3112-14 CHARTIERS AVE,PITTSBURGH,PA,15204,Match,-80.061363850584,40.453632451921
3117 BRERETON AVE|15219,3117 BRERETON AVE,PITTSBURGH,PA,15219,Match,-79.967473805342,40.45670315503
3117 BRERETON STREET|15219,3117 BRERETON STREET,PITTSBURGH,PA,15219,Match,-79.967473805342,40.45670315503
3125 BANKSVILLE ROAD|15216,3125 BANKSVILLE ROAD,PITTSBURGH,PA,15216,Match,-80.043602510096,40.400230645674
313 NORTH AVE|15209,313 NORTH AVE,PITTSBURGH,PA,15209,Match,-79.974268123528,40.481778705026
313 UNITY CENTER RD|15239,313 UNITY CENTER RD,PITTSBURGH,PA,15239,Match,-79.779963634152,40.48982266622
315 NORTH AVE|15209,315 NORTH AVE,PITTSBURGH,PA,15209,Match,-79.974260809028,40.481786893882
318 CEDAR AVENUE|15212,318 CEDAR AVENUE,PITTSBURGH,PA,15212,Match,-80.000888322854,40.451045174929
318 CEDAR AVE|15212,318 CEDAR AVE,PITTSBURGH,PA,15212,Match,-80.000888322854,40.451045174929
319 S CRAIG ST|15213,319 S CRAIG ST,PITTSBURGH,PA,15213,Match,-79.948687972722,40.445214607634
320 COAL ST|15221,320 COAL ST,PITTSBURGH,PA,15221,Match,-79.882752443555,40.435766584164
3210 BANKSVILLE RD|15216,3210 BANKSVILLE RD,PITTSBURGH,PA,15216,Match,-80.044557230138,40.399588884958
3210 BRIGHTON RD|15212,3210 BRIGHTON RD,PITTSBURGH,PA,15212,Match,-80.031066906826,40.475822871792
322 SEWICKLEY-OAKMONT RD|15237,322 SEWICKLEY-OAKMONT RD,PITTSBURGH,PA,15237,Match,-80.045364045667,40.541781152303
3231 BRIGHTON RD|15212,3231 BRIGHTON RD,PITTSBURGH,PA,15212,Match,-80.031481333773,40.475942659072
3235 BRIGHTON ROAD|15212,3235 BRIGHTON ROAD,PITTSBURGH,PA,15212,Match,-80.031537499302,40.47598753737
3245 BRIGHTON ROAD|15212,3245 BRIGHTON ROAD,PITTSBURGH,PA,15212,Match,-80.031676149042,40.476150527709
3247 EAST CARSON ST|15203,3247 EAST CARSON ST,PITTSBURGH,PA,15203,Match,-79.960620754571,40.422884373445
3274 BABCOCK BLVD|15237,3274 BABCOCK BLVD,PITTSBURGH,PA,15237,Match,-80.018009736762,40.52993678185
3278 BABCOCK BLVD|15237,3278 BABCOCK BLVD,PITTSBURGH,PA,15237,Match,-80.01801254249,40.530183013275
3278 BABCOCK BOULEVARD|15237,3278 BABCOCK BOULEVARD,PITTSBURGH,PA,15237,Match,-80.01801254249,40.530183013275
3299 SAW MILL RUN BLV|15227,3299 SAW MILL RUN BLV,PITTSBURGH,PA,15227,Match,-79.983499406714,40.375723898064
330 GRANT ST LOBBY|15219,330 GRANT ST LOBBY,PITTSBURGH,PA,15219,Match,-79.997799260107,40.437651357617
333 THOMPSON RUN OAD|15237,333 THOMPSON RUN OAD,PITTSBURGH,PA,15237,Match,-79.988772696167,40.527699797239
333 THOMPSON RUN RD|15237,333 THOMPSON RUN RD,PITTSBURGH,PA,15237,Match,-79.988772696167,40.527699797239
3335 WILLIAM PENN HIGHWAY|15235,3335 WILLIAM PENN HIGHWAY,PITTSBURGH,PA,15235,Match,-79.818135362516,40.432514602742
3337 BABCOCK BVD|15237,3337 BABCOCK BVD,PITTSBURGH,PA,15237,Match,-80.019782765386,40.534788292963
3349 LIBERTY AVENUE|15201,3349 LIBERTY AVENUE,PITTSBURGH,PA,15201,Match,-79.967026935541,40.461633738811
3349 LIBERTY AVE|15201,3349 LIBERTY AVE,PITTSBURGH,PA,15201,Match,-79.967026935541,40.461633738811
3357 RIDGEWAY STREET|15213,3357 RIDGEWAY STREET,PITTSBURGH,PA,15213,Match,-79.964245446151,40.456027881212
34 EAST CRAFTON AVE|15205,34 EAST CRAFTON AVE,PITTSBURGH,PA,15205,Match,-80.066114544482,40.435625914406
340 CURRY HOLLOW ROAD|15236,340 CURRY HOLLOW ROAD,PITTSBURGH,PA,15236,Match,-79.97630738065,40.336280620492
340 N AIKEN AVE|15206,340 N AIKEN AVE,PITTSBURGH,PA,15206,Match,-79.934785841496,40.467263177683
340 NORTH AIKEN AVENUE|15206,340 NORTH AIKEN AVENUE,PITTSBURGH,PA,15206,Match,-79.934785841496,40.467263177683
3406 WILLIAM PENN HGWY|15235,3406 WILLIAM PENN HGWY,PITTSBURGH,PA,15235,No_Match,,
3406 WILLIAM PENN HWY|15235,3406 WILLIAM PENN HWY,PITTSBURGH,PA,15235,No_Match,,
3434 WILLIAM PENN HWY|15235,3434 WILLIAM PENN HWY,PITTSBURGH,PA,15235,No_Match,,
3440 FORBES AVE|15213,3440 FORBES AVE,PITTSBURGH,PA,15213,Match,-79.960152907943,40.439177297266
3457 WILLIAM PENN HIGHWAY|15235,3457 WILLIAM PENN HIGHWAY,PITTSBURGH,PA,15235,Match,-79.811842068006,40.430132848657
3459 WARD STREET|15213,3459 WARD STREET,PITTSBURGH,PA,15213,Match,-79.954352340698,40.436045682228
350 CENTER AVE|15229,350 CENTER AVE,PITTSBURGH,PA,15229,Match,-80.021920322844,40.516790842592
3500 FORBES AVE|15213,3500 FORBES AVE,PITTSBURGH,PA,15213,Match,-79.959325589589,40.439777888059
351 STANEHOPE STREET|15204,351 STANEHOPE STREET,PITTSBURGH,PA,15204,Match,-80.056005847364,40.463579273815
3518 BROWNSVILLE RD|15227,3518 BROWNSVILLE RD,PITTSBURGH,PA,15227,Match,-79.975618069031,40.374524007892
353 FREEPORT ROAD|15215,353 FREEPORT ROAD,PITTSBURGH,PA,15215,Match,-79.901480803655,40.489006993863
355 LINCOLN AVE|15202,355 LINCOLN AVE,PITTSBURGH,PA,15202,Match,-80.051659135817,40.493574978362
3601 SAW MILL RUN BOULEVARD|15227,3601 SAW MILL RUN BOULEVARD,PITTSBURGH,PA,15227,Match,-79.981906515336,40.372611699265
3601 SAW MILL RUN ROAD|15227,3601 SAW MILL RUN ROAD,PITTSBURGH,PA,15227,Match,-79.981906515336,40.372611699265
3604 5TH AVENUE|15213,3604 5TH AVENUE,PITTSBURGH,PA,15213,Match,-79.958930428916,40.441358166768
3616 LOUISA STREET|15213,3616 LOUISA STREET,PITTSBURGH,PA,15213,Match,-79.956095507784,40.439466393001
3621 BROWNSVILLE RD|15227,3621 BROWNSVILLE RD,PITTSBURGH,PA,15227,Match,-79.975414480148,40.37318948683
3639 CALIFORNIA AVE|15212,3639 CALIFORNIA AVE,PITTSBURGH,PA,15212,Match,-80.041524286785,40.481266509713
37 HODGSON AVE|15205,37 HODGSON AVE,PITTSBURGH,PA,15205,Match,-80.063341671007,40.444291540626
3700 FORBES|15213,3700 FORBES,PITTSBURGH,PA,15213,Match,-79.957519549504,40.441087615099
3713 FORBES AVENUE|15213,3713 FORBES AVENUE,PITTSBURGH,PA,15213,Match,-79.957555725192,40.441219147089
3730 BRIGHTON ROAD|15212,3730 BRIGHTON ROAD,PITTSBURGH,PA,15212,Match,-80.035557297619,40.483742061054
3750 SAW MILL RUN BLVD|15227,3750 SAW MILL RUN BLVD,PITTSBURGH,PA,15227,Match,-79.982195096703,40.371182119169
3767 BROWNSVILLE ROAD|15227,3767 BROWNSVILLE ROAD,PITTSBURGH,PA,15227,Match,-79.975144633192,40.371036025027
3767 BROWNVILLE ROAD|15227,3767 BROWNVILLE ROAD,PITTSBURGH,PA,15227,Match,-79.975144633192,40.371036025027
3801 FORBES AVENUE|15213,3801 FORBES AVENUE,PITTSBURGH,PA,15213,Match,-79.956968002159,40.441644992822
3801 FORBES AVE|15213,3801 FORBES AVE,PITTSBURGH,PA,15213,Match,-79.956968002159,40.441644992822
3817 BUTLER AVE|15201,3817 BUTLER AVE,PITTSBURGH,PA,15201,Match,-79.964050797906,40.467304561434
3817 BUTLER STREET|15201,3817 BUTLER STREET,PITTSBURGH,PA,15201,Match,-79.964050797906,40.467304561434
3873 BRIGHTON ROAD|15212,3873 BRIGHTON ROAD,PITTSBURGH,PA,15212,Match,-80.036826006713,40.486439634099
3891 BRIGHTON RD|15212,3891 BRIGHTON RD,PITTSBURGH,PA,15212,Match,-80.037267083419,40.486881420997
3899 OLD WILLIAM PENN HIGHWAY|15235,3899 OLD WILLIAM PENN HIGHWAY,PITTSBURGH,PA,15235,Match,-79.81321823463,40.444237702083
3899 OLD WILLIAM PENN HWY|15235,3899 OLD WILLIAM PENN HWY,PITTSBURGH,PA,15235,Match,-79.81321823463,40.444237702083
3900 PERRYSVILLE AVE|15214,3900 PERRYSVILLE AVE,PITTSBURGH,PA,15214,Match,-80.018290791917,40.489577348608
3901 CALIFORNIA AVE|15212,3901 CALIFORNIA AVE,PITTSBURGH,PA,15212,Match,-80.042059006789,40.485292956611
3939 BUTLER STREET|15201,3939 BUTLER STREET,PITTSBURGH,PA,15201,Match,-79.963227142142,40.46805842153
3939 BUTLER ST|15201,3939 BUTLER ST,PITTSBURGH,PA,15201,Match,-79.963227142142,40.46805842153
3998 STEUBENVILLE PIKE|15205,3998 STEUBENVILLE PIKE,PITTSBURGH,PA,15205,Match,-80.085443705994,40.440120929535
4 OLD CLAIRTON ROAD|15236,4 OLD CLAIRTON ROAD,PITTSBURGH,PA,15236,Match,-79.964890402911,40.340511428292
400 CHERRY WAY|15219,400 CHERRY WAY,PITTSBURGH,PA,15219,No_Match,,
400 UNION AVE|15202,400 UNION AVE,PITTSBURGH,PA,15202,Match,-80.062440903498,40.441794931262
4000 BUTLER ST|15201,4000 BUTLER ST,PITTSBURGH,PA,15201,Match,-79.962183488228,40.46870783597
4006 LIBERTY AVENUE|15224,4006 LIBERTY AVENUE,PITTSBURGH,PA,15224,Match,-79.956947658517,40.462811909351
4006 LIBERTY AVE|15224,4006 LIBERTY AVE,PITTSBURGH,PA,15224,Match,-79.956947658517,40.462811909351
401 BROWNSVILLE ROAD|15210,401 BROWNSVILLE ROAD,PITTSBURGH,PA,15210,Match,-79.988796749856,40.413170554173
401 SMITHFIELD STREET|15222,401 SMITHFIELD STREET,PITTSBURGH,PA,15222,Match,-79.999579161334,40.438801493991
4010 PENN AVE|15201,4010 PENN AVE,PITTSBURGH,PA,15201,Match,-79.957492215478,40.465202329187
402-06 SEMPLE ST|15213,402-06 SEMPLE ST,PITTSBURGH,PA,15213,Match,-79.954924372955,40.436981920043
4034 CLAIRTON BLVD|15227,4034 CLAIRTON BLVD,PITTSBURGH,PA,15227,Match,-79.983934829496,40.367586121711
4034 CLAIRTON BOULEVARD|15227,4034 CLAIRTON BOULEVARD,PITTSBURGH,PA,15227,Match,-79.983934829496,40.367586121711
4034 SAW MILL RUN BLVD|15227,4034 SAW MILL RUN BLVD,PITTSBURGH,PA,15227,No_Match,,
406 E OHIO ST|15212,406 E OHIO ST,PITTSBURGH,PA,15212,Match,-80.001433375411,40.453376939129
4061 PERRYSVILLE AVE|15214,4061 PERRYSVILLE AVE,PITTSBURGH,PA,15214,Match,-80.021453587894,40.492288141726
4068 PENN AVE|15224,4068 PENN AVE,PITTSBURGH,PA,15224,Match,-79.955853316235,40.465479792611
4071 BEECHWOOD BLVD|15217,4071 BEECHWOOD BLVD,PITTSBURGH,PA,15217,Match,-79.938542737107,40.426982090854
4071 BEECHWOOD BOULEVARD|15217,4071 BEECHWOOD BOULEVARD,PITTSBURGH,PA,15217,Match,-79.938542737107,40.426982090854
410 COOKE LANE|15234,410 COOKE LANE,PITTSBURGH,PA,15234,Match,-80.033006814079,40.369885431117
410 GREENTREE RD|15220,410 GREENTREE RD,PITTSBURGH,PA,15220,Match,-80.033866400629,40.435758358884
4100 A STEUBENVILLE PIKE|15205,4100 A STEUBENVILLE PIKE,PITTSBURGH,PA,15205,Match,-80.086587487814,40.440137999898
4101 PENN AVE|15224,4101 PENN AVE,PITTSBURGH,PA,15224,Match,-79.95512732601,40.465720600513
4101 STUEBENVILLE PKE|15205,4101 STUEBENVILLE PKE,PITTSBURGH,PA,15205,Match,-80.086087310222,40.44003173351
4102 CLAIRTON BLVD|15227,4102 CLAIRTON BLVD,PITTSBURGH,PA,15227,Match,-79.98414962649,40.367121760881
4109 SIEBERT ST|15201,4109 SIEBERT ST,PITTSBURGH,PA,15201,Match,-79.955766383962,40.466216992636
411 PERRY HWY|15229,411 PERRY HWY,PITTSBURGH,PA,15229,Match,-80.031853856499,40.518443169084
4110 BRIGHTON RD|15212,4110 BRIGHTON RD,PITTSBURGH,PA,15212,No_Match,,
418 WOOD ST|15222,418 WOOD ST,PITTSBURGH,PA,15222,Match,-80.000919218587,40.439824890971
420 SMITHFIELD ST|15222,420 SMITHFIELD ST,PITTSBURGH,PA,15222,Match,-79.999367462563,40.438872362824
4201 PENN AVENUE|15224,4201 PENN AVENUE,PITTSBURGH,PA,15224,Match,-79.954293175946,40.465866052417
4209 MURRAY AVE|15217,4209 MURRAY AVE,PITTSBURGH,PA,15217,Match,-79.92862602532,40.423043567839
4215 OHIO RIVER BLVD|15202,4215 OHIO RIVER BLVD,PITTSBURGH,PA,15202,Match,-80.056173436424,40.487630394697
4215 OHIO RIVER BOULEVARD|15202,4215 OHIO RIVER BOULEVARD,PITTSBURGH,PA,15202,Match,-80.056173436424,40.487630394697
422 WOOD ST|15222,422 WOOD ST,PITTSBURGH,PA,15222,Match,-80.00085665666,40.43991841185
4260 EVERGREEN RD|15214,4260 EVERGREEN RD,PITTSBURGH,PA,15214,Match,-80.00770443849,40.495234834572
4260 EVERGREEN ROAD|15214,4260 EVERGREEN ROAD,PITTSBURGH,PA,15214,Match,-80.00770443849,40.495234834572
429 FOURTH AVE|15219,429 FOURTH AVE,PITTSBURGH,PA,15219,Match,-79.998341358258,40.438339608565
429 SMITHFIELD ST|15222,429 SMITHFIELD ST,PITTSBURGH,PA,15222,Match,-79.999297414954,40.439234481701
429 WOOD STREET|15222,429 WOOD STREET,PITTSBURGH,PA,15222,Match,-80.000859479899,40.440166168617
431 PERRY HIGHWAY|15229,431 PERRY HIGHWAY,PITTSBURGH,PA,15229,Match,-80.032281948945,40.519113258895
4311 STEUBENVILLE PIKE|15205,4311 STEUBENVILLE PIKE,PITTSBURGH,PA,15205,Match,-80.09303612195,40.44057283894
4319 BUTLER ST|15201,4319 BUTLER ST,PITTSBURGH,PA,15201,Match,-79.96010331229,40.471119929158
4326 STEUBENVILLE PIKE|15205,4326 STEUBENVILLE PIKE,PITTSBURGH,PA,15205,Match,-80.093735548743,40.441138340445
436 7TH AVE|15219,436 7TH AVE,PITTSBURGH,PA,15219,Match,-79.995718111246,40.442370282381
439 S CEDAR AVE|37380,439 S CEDAR AVE,S PITTSBURGH,TN,37380,Match,-85.706101058555,35.010220137028
4401 LIBERTY AVENUE|15224,4401 LIBERTY AVENUE,PITTSBURGH,PA,15224,Match,-79.952679817947,40.463650382685
4401 LIBERTY AVE|15224,4401 LIBERTY AVE,PITTSBURGH,PA,15224,Match,-79.952679817947,40.463650382685
441 MCNEILLY ROAD|15226,441 MCNEILLY ROAD,PITTSBURGH,PA,15226,Match,-80.01562107805,40.383242837485
4411 HOWLEY STREET|15224,4411 HOWLEY STREET,PITTSBURGH,PA,15224,Match,-79.952215488469,40.464567350924
4419 BUTLER ST|15201,4419 BUTLER ST,PITTSBURGH,PA,15201,Match,-79.959749503379,40.471647424201
4420 BROWNS HILL ROAD|15217,4420 BROWNS HILL ROAD,PITTSBURGH,PA,15217,No_Match,,
449 ATWOOD ST|15213,449 ATWOOD ST,PITTSBURGH,PA,15213,Match,-79.952769353018,40.437267811292
450 56TH ST UNIT E|15201,450 56TH ST UNIT E,PITTSBURGH,PA,15201,Match,-79.947873329795,40.484151527097
450 56TH STREET|15201,450 56TH STREET,PITTSBURGH,PA,15201,Match,-79.947873329795,40.484151527097
450 56TH ST|15201,450 56TH ST,PITTSBURGH,PA,15201,Match,-79.947873329795,40.484151527097
4501 LIBERTY AVENUE|15224,4501 LIBERTY AVENUE,PITTSBURGH,PA,15224,Match,-79.951706807152,40.463158524468
4501 LIBERTY AVE|15224,4501 LIBERTY AVE,PITTSBURGH,PA,15224,Match,-79.951706807152,40.463158524468
4501 OHIO RIVER BLVD|15202,4501 OHIO RIVER BLVD,PITTSBURGH,PA,15202,Match,-80.06089258879,40.49113522064
4501 OHIO RIVER BOULEVARD|15202,4501 OHIO RIVER BOULEVARD,PITTSBURGH,PA,15202,Match,-80.06089258879,40.49113522064
4516 BROWNS HILL ROAD|15217,4516 BROWNS HILL ROAD,PITTSBURGH,PA,15217,Match,-79.926232856664,40.418387399321
4601 BUTLER ST|15201,4601 BUTLER ST,PITTSBURGH,PA,15201,Match,-79.958836523586,40.472896077717
4601 CENTER AVE|15213,4601 CENTER AVE,PITTSBURGH,PA,15213,Match,-79.951975820452,40.451958412288
4605 CENTER AVE|15213,4605 CENTER AVE,PITTSBURGH,PA,15213,Match,-79.951749816909,40.452026779871
4616 MCKNIGHT ROAD|15237,4616 MCKNIGHT ROAD,PITTSBURGH,PA,15237,No_Match,,
4621 FORBES AVE|15213,4621 FORBES AVE,PITTSBURGH,PA,15213,Match,-79.948257191524,40.444534155962
4622 LIBERTY AVENUE|15224,4622 LIBERTY AVENUE,PITTSBURGH,PA,15224,Match,-79.949968490378,40.462064965371
4637 CENTRE AVE|15213,4637 CENTRE AVE,PITTSBURGH,PA,15213,Match,-79.950660284434,40.452355896728
4639 CLAIRTON BLVD|15236,4639 CLAIRTON BLVD,PITTSBURGH,PA,15236,Match,-79.979744732547,40.355904664354
4695 CAMPBELLS RUN|15205,4695 CAMPBELLS RUN,PITTSBURGH,PA,15205,Match,-80.13304584069,40.430251130793
4711 LIBERTY AVENUE|15224,4711 LIBERTY AVENUE,PITTSBURGH,PA,15224,Match,-79.949513610512,40.461969461516
4711 LIBERTY AVE|15224,4711 LIBERTY AVE,PITTSBURGH,PA,15224,Match,-79.949513610512,40.461969461516
472 44TH STREET|15201,472 44TH STREET,PITTSBURGH,PA,15201,Match,-79.953826405474,40.4665369007
4725 CENTRE AVE|15213,4725 CENTRE AVE,PITTSBURGH,PA,15213,Match,-79.948819749732,40.45291508366
4755 CLAIRTON BLVD|15236,4755 CLAIRTON BLVD,PITTSBURGH,PA,15236,Match,-79.978129557616,40.353269860994
4770 MCKNIGHT ROAD STE A|15237,4770 MCKNIGHT ROAD STE A,PITTSBURGH,PA,15237,Match,-80.005140011519,40.521873165689
4770 MCKNIGHT ROAD|15237,4770 MCKNIGHT ROAD,PITTSBURGH,PA,15237,Match,-80.005140011519,40.521873165689
4775 MCKNIGHT ROAD|15237,4775 MCKNIGHT ROAD,PITTSBURGH,PA,15237,No_Match,,
4779 LIBERTY AVE|15224,4779 LIBERTY AVE,PITTSBURGH,PA,15224,Match,-79.94755987708,40.460929213342
4814 MCKNIGHT RD|15237,4814 MCKNIGHT RD,PITTSBURGH,PA,15237,Match,-80.005375316184,40.525795014622
4864 MCKNIGHT RD|15237,4864 MCKNIGHT RD,PITTSBURGH,PA,15237,Match,-80.007299788275,40.528607606175
4885 MCKNIGHT RD|15237,4885 MCKNIGHT RD,PITTSBURGH,PA,15237,Match,-80.009336830356,40.529784419116
4900 PENN AVENUE|15224,4900 PENN AVENUE,PITTSBURGH,PA,15224,Match,-79.94517058436,40.465230275169
4900 PENN AVE|15224,4900 PENN AVE,PITTSBURGH,PA,15224,Match,-79.94517058436,40.465230275169
4900 STEUBENVILLE PIKE|15205,4900 STEUBENVILLE PIKE,PITTSBURGH,PA,15205,Match,-80.109267366245,40.450096750563
4902 CYPRESS ST|15224,4902 CYPRESS ST,PITTSBURGH,PA,15224,Match,-79.947053544884,40.458654829079
4915 SECOND AVE|15207,4915 SECOND AVE,PITTSBURGH,PA,15207,Match,-79.943959596894,40.409840828353
4924 BAUM BLVD|15213,4924 BAUM BLVD,PITTSBURGH,PA,15213,Match,-79.946204414025,40.454613574286
4934 SECOND AVE|15207,4934 SECOND AVE,PITTSBURGH,PA,15207,Match,-79.943878729375,40.408998886578
4950 STEUBENVILLE PK|15205,4950 STEUBENVILLE PK,PITTSBURGH,PA,15205,Match,-80.108292300594,40.449883143988
50 FOX CHAPEL RD|15238,50 FOX CHAPEL RD,PITTSBURGH,PA,15238,Match,-79.883010555112,40.488632075094
5009 2ND AVE|15207,5009 2ND AVE,PITTSBURGH,PA,15207,Match,-79.943505608533,40.408231678883
501 LOWRIES RUN RD|15237,501 LOWRIES RUN RD,PITTSBURGH,PA,15237,No_Match,,
501 LOWRIES RUN ROAD|15237,501 LOWRIES RUN ROAD,PITTSBURGH,PA,15237,No_Match,,
5013 BUTLER STREET|15201,5013 BUTLER STREET,PITTSBURGH,PA,15201,Match,-79.956079713884,40.478033929001
5013 BUTLER ST|15201,5013 BUTLER ST,PITTSBURGH,PA,15201,Match,-79.956079713884,40.478033929001
5020 CENTER AVE|15213,5020 CENTER AVE,PITTSBURGH,PA,15213,Match,-79.944101047395,40.454201437163
503 MARTINDALE STREET|15212,503 MARTINDALE STREET,PITTSBURGH,PA,15212,Match,-80.008814494319,40.449166662407
504 OAK HILL DR|15213,504 OAK HILL DR,PITTSBURGH,PA,15213,Match,-79.969827833929,40.443718421866
506 FREEPORT ROAD|15238,506 FREEPORT ROAD,PITTSBURGH,PA,15238,Match,-79.856953294524,40.496260679549
507 BESSEMER AVE|15112,507 BESSEMER AVE,EAST PITTSBURGH,PA,15112,Match,-79.841474012659,40.395214760467
51 WALSH ROAD|15205,51 WALSH ROAD,PITTSBURGH,PA,15205,Match,-80.071041896633,40.439646252971
510 BROOKLINE BLVD|15226,510 BROOKLINE BLVD,PITTSBURGH,PA,15226,Match,-80.023349853252,40.396034007909
5115 BUTLER ST|15201,5115 BUTLER ST,PITTSBURGH,PA,15201,Match,-79.955552922945,40.478697542739
513 PERRY HIGHWAY|15229,513 PERRY HIGHWAY,PITTSBURGH,PA,15229,Match,-80.034329065567,40.521990418781
5136 PENN AVE|15224,5136 PENN AVE,PITTSBURGH,PA,15224,Match,-79.941615619209,40.464748576738
514 N HIGHLAND AVE|15206,514 N HIGHLAND AVE,PITTSBURGH,PA,15206,Match,-79.922633310534,40.466047811803
5150 BUTLER STREET|15201,5150 BUTLER STREET,PITTSBURGH,PA,15201,Match,-79.954991487546,40.479376063405
5152 PENN AVENUE|15224,5152 PENN AVENUE,PITTSBURGH,PA,15224,Match,-79.941032403502,40.464674946739
5160 PENN AVE|15224,5160 PENN AVE,PITTSBURGH,PA,15224,Match,-79.940873797175,40.464656269495
5204 INTERBORO AVE|15207,5204 INTERBORO AVE,PITTSBURGH,PA,15207,Match,-79.912888260642,40.37034732766
521 LINCOLN HWY|15112,521 LINCOLN HWY,EAST PITTSBURGH,PA,15112,Match,-79.838740489153,40.395502727969
5220 CLAIRTON BLVD|15236,5220 CLAIRTON BLVD,PITTSBURGH,PA,15236,Match,-79.9713645451,40.343896174167
5224 PENN AVENUE|15224,5224 PENN AVENUE,PITTSBURGH,PA,15224,Match,-79.939661527158,40.464509957269
5224 PENN AVE|15224,5224 PENN AVE,PITTSBURGH,PA,15224,Match,-79.939661527158,40.464509957269
5242 CLAIRTON BOULEVARD|15236,5242 CLAIRTON BOULEVARD,PITTSBURGH,PA,15236,Match,-79.971053424285,40.343770897756
525 PERRY HIGHWAY|15229,525 PERRY HIGHWAY,PITTSBURGH,PA,15229,Match,-80.034624719166,40.52263567591
525 PERRY HWY|15229,525 PERRY HWY,PITTSBURGH,PA,15229,Match,-80.034624719166,40.52263567591
5268 BUTLER ST|15201,5268 BUTLER ST,PITTSBURGH,PA,15201,Match,-79.95302337441,40.481757805375
530D CASTE VILLAGE|15236,530D CASTE VILLAGE,PITTSBURGH,PA,15236,Tie,,
533 BROOKLINE BLVD|15226,533 BROOKLINE BLVD,PITTSBURGH,PA,15226,Match,-80.023156947207,40.396063316646
533 BROOKLINE BOULEVARD|15226,533 BROOKLINE BOULEVARD,PITTSBURGH,PA,15226,Match,-80.023156947207,40.396063316646
533 E OHIO ST|15212,533 E OHIO ST,PITTSBURGH,PA,15212,Match,-79.999728744584,40.453583535612
5336 PERRY HIGHWAY|15229,5336 PERRY HIGHWAY,PITTSBURGH,PA,15229,No_Match,,
5336 PERRY HWY|15229,5336 PERRY HWY,PITTSBURGH,PA,15229,No_Match,,
5340 PERRY HWY|15229,5340 PERRY HWY,PITTSBURGH,PA,15229,No_Match,,
535 LINCOLN AVE|15202,535 LINCOLN AVE,PITTSBURGH,PA,15202,Match,-80.056788410356,40.496094305135
535 SMITHFIELD STREET STE 104|15222,535 SMITHFIELD STREET STE 104,PITTSBURGH,PA,15222,Match,-79.998144745876,40.440952436075
537 E OHIO STREET|15212,537 E OHIO STREET,PITTSBURGH,PA,15212,Match,-79.999697515306,40.453589456162
54 SOUTH 12TH ST|15203,54 SOUTH 12TH ST.,PITTSBURGH,PA,15203,Match,-79.986505787806,40.428961159007
5400 CAMPBELLS RUN ROAD|15205,5400 CAMPBELLS RUN ROAD,PITTSBURGH,PA,15205,Match,-80.158720470198,40.445566817724
5401 PENN AVE|15206,5401 PENN AVE,PITTSBURGH,PA,15206,Match,-79.936369831298,40.464736304938
5410 KEEPORT DRIVE|15236,5410 KEEPORT DRIVE,PITTSBURGH,PA,15236,No_Match,,
5457 PERRYSVILLE ROAD|15229,5457 PERRYSVILLE ROAD,PITTSBURGH,PA,15229,Match,-80.031487081543,40.512499741209
5482 PENN AVE|15206,5482 PENN AVE,PITTSBURGH,PA,15206,Match,-79.933010072057,40.464234659217
5504 WALNUT ST|15232,5504 WALNUT ST,PITTSBURGH,PA,15232,Match,-79.933599445144,40.451173489552
5514 PENN AVENUE|15206,5514 PENN AVENUE,PITTSBURGH,PA,15206,Match,-79.931693926168,40.463781061746
555 FOUNDRY ST|15215,555 FOUNDRY ST,PITTSBURGH,PA,15215,Match,-79.9375060445,40.503558846232
5550 CENTRE AVE|15232,5550 CENTRE AVE,PITTSBURGH,PA,15232,Match,-79.935216964677,40.456854410047
558 BRADDOCK|15208,558 BRADDOCK,PITTSBURGH,PA,15208,Match,-79.891198311428,40.452715791412
5600 WILKINS AVE|15217,5600 WILKINS AVE,PITTSBURGH,PA,15217,Match,-79.927867602311,40.444052793858
5603 BABCOCK BLVD|15237,5603 BABCOCK BLVD,PITTSBURGH,PA,15237,Match,-80.029074966413,40.546830265147
5633 BAUM BLVD|15206,5633 BAUM BLVD,PITTSBURGH,PA,15206,Match,-79.934553995483,40.458193122879
5660 BROWNSVILLE RD|15236,5660 BROWNSVILLE RD,PITTSBURGH,PA,15236,Match,-79.987090681055,40.330910546458
568 CASTE VILLAGE|15236,568 CASTE VILLAGE,PITTSBURGH,PA,15236,Tie,,
5724 ELLSWORTH AVENUE|15232,5724 ELLSWORTH AVENUE,PITTSBURGH,PA,15232,Match,-79.931616573442,40.455247676542
5724 ELLSWORTH AVE|15232,5724 ELLSWORTH AVE,PITTSBURGH,PA,15232,Match,-79.931616573442,40.455247676542
575 OLD CLAIRTON ROAD|15236,575 OLD CLAIRTON ROAD,PITTSBURGH,PA,15236,No_Match,,
580 MCNEILLY RD|15226,580 MCNEILLY RD,PITTSBURGH,PA,15226,Match,-80.0195326613,40.383375139791
5801 FORWARD AVENUE|15217,5801 FORWARD AVENUE,PITTSBURGH,PA,15217,Match,-79.923404971358,40.429791457774
5801 FORWARD AVE|15217,5801 FORWARD AVE,PITTSBURGH,PA,15217,Match,-79.923404971358,40.429791457774
5802 FORDEN AVE|15219,5802 FORDEN AVE,PITTSBURGH,PA,15219,No_Match,,
5829 FORWARD AVE|15217,5829 FORWARD AVE,PITTSBURGH,PA,15217,Match,-79.922389063198,40.429549909279
5857 ELLSWORTH AVENUE|15236,5857 ELLSWORTH AVENUE,PITTSBURGH,PA,15236,Match,-79.929142655051,40.457320006028
5880 1/2 FORBES AVENUE|15217,5880 1/2 FORBES AVENUE,PITTSBURGH,PA,15217,Match,-79.920072713912,40.43798568232
5880 1/2 FORBES AVE|15217,5880 1/2 FORBES AVE,PITTSBURGH,PA,15217,Match,-79.920072713912,40.43798568232
5901 BRYANT STREET|15206,5901 BRYANT STREET,PITTSBURGH,PA,15206,Match,-79.919718868191,40.475760463381
5956 PENN CIRCLE SOUTH|15206,5956 PENN CIRCLE SOUTH,PITTSBURGH,PA,15206,Match,-79.926233487539,40.461854193248
600 COMMONWEALTH PL|15222,600 COMMONWEALTH PL,PITTSBURGH,PA,15222,Match,-80.007306878728,40.442400444813
600 RODI ROAD|15235,600 RODI ROAD,PITTSBURGH,PA,15235,Match,-79.827129404272,40.449729835845
600 TOWNE SQUARE WAY|15227,600 TOWNE SQUARE WAY,PITTSBURGH,PA,15227,Match,-79.982221511944,40.367589959283
6001 BTTRMLK HLLW RD|15207,6001 BTTRMLK HLLW RD,PITTSBURGH,PA,15207,No_Match,,
6001 BUTTERMILK HOLLOW RD|15207,6001 BUTTERMILK HOLLOW RD,PITTSBURGH,PA,15207,No_Match,,
601 MCNEILLY ROAD|15226,601 MCNEILLY ROAD,PITTSBURGH,PA,15226,Match,-80.020876646597,40.383266780327
601 PENN AVE|15221,601 PENN AVE,PITTSBURGH,PA,15221,Match,-80.002102779757,40.442814599919
601 PENN AVE|15222,601 PENN AVE,PITTSBURGH,PA,15222,Match,-80.002102779757,40.442814599919
605 EAST OHIO STREET|15212,605 EAST OHIO STREET,PITTSBURGH,PA,15212,Match,-79.99903607148,40.453716209297
6100 PENN AVE|15206,6100 PENN AVE,PITTSBURGH,PA,15206,Match,-79.923665195403,40.460940420038
6100 ROBINSON CENTER DR|15205,6100 ROBINSON CENTER DR,PITTSBURGH,PA,15205,Match,-80.159151736472,40.451278316517
6113 BROAD STREET|15206,6113 BROAD STREET,PITTSBURGH,PA,15206,Match,-79.922870747591,40.462018651663
612 OLD CLAIRTON ROAD|15236,612 OLD CLAIRTON ROAD,PITTSBURGH,PA,15236,Match,-79.956753641756,40.323315692183
612 OLD CLARITON RD|15236,612 OLD CLARITON RD,PITTSBURGH,PA,15236,Match,-79.956753641756,40.323315692183
612 OLD CLARITON ROAD|15236,612 OLD CLARITON ROAD,PITTSBURGH,PA,15236,Match,-79.956753641756,40.323315692183
616 NORTH AVE|15209,616 NORTH AVE,PITTSBURGH,PA,15209,Match,-79.973133558807,40.486205717768
616 OLD CLAIRTON ROAD|15236,616 OLD CLAIRTON ROAD,PITTSBURGH,PA,15236,No_Match,,
618 WOODBOURNE AVE|15226,618 WOODBOURNE AVE,PITTSBURGH,PA,15226,Match,-80.023702806448,40.39398509473
620 BROOKLINE BLVD|15226,620 BROOKLINE BLVD,PITTSBURGH,PA,15226,Match,-80.022049322515,40.395126502615
6200 SALTSBURGH ROAD|15235,6200 SALTSBURGH ROAD,PITTSBURGH,PA,15235,No_Match,,
6201 SALTSBURG ROAD|15235,6201 SALTSBURG ROAD,PITTSBURGH,PA,15235,Match,-79.817706858921,40.485023720293
621 CALIFORNIA AVENUE|15202,621 CALIFORNIA AVENUE,PITTSBURGH,PA,15202,Match,-80.068220403636,40.501543003156
621 CALIFORNIA AVE|15202,621 CALIFORNIA AVE,PITTSBURGH,PA,15202,Match,-80.068220403636,40.501543003156
623 EAST OHIO STREET|15212,623 EAST OHIO STREET,PITTSBURGH,PA,15212,Match,-79.998892870772,40.453743632646
623 SMITHFIELD ST|15222,623 SMITHFIELD ST,PITTSBURGH,PA,15222,Match,-79.997417832496,40.442068544023
625 STANWIX ST|15222,625 STANWIX ST,PITTSBURGH,PA,15222,Match,-80.004331171216,40.44252821668
630 S MILLVALE AVE|15224,630 S MILLVALE AVE,PITTSBURGH,PA,15224,Match,-79.947477385791,40.457903790066
630 SOUTH MILLVALE AVENUE|15224,630 SOUTH MILLVALE AVENUE,PITTSBURGH,PA,15224,Match,-79.947477385791,40.457903790066
6302 ROBINSON CENTER DR|15205,6302 ROBINSON CENTER DR,PITTSBURGH,PA,15205,Match,-80.160864450363,40.451760689181
632 CALIFORNIA AVENUE|15202,632 CALIFORNIA AVENUE,PITTSBURGH,PA,15202,Match,-80.06793288143,40.501304271701
6320 SHAKESPEARE STREET|15206,6320 SHAKESPEARE STREET,PITTSBURGH,PA,15206,Match,-79.921684730988,40.458994264475
6320 SHAKESPEARE ST|15206,6320 SHAKESPEARE ST,PITTSBURGH,PA,15206,Match,-79.921684730988,40.458994264475
6403 BROWNSVILLE ROAD|15236,6403 BROWNSVILLE ROAD,PITTSBURGH,PA,15236,Match,-79.995182371179,40.321731594534
643 LIBERTY AVE|15222,643 LIBERTY AVE,PITTSBURGH,PA,15222,Match,-80.000154263711,40.442416880029
6481 FRANKSTOWN AVE|15206,6481 FRANKSTOWN AVE,PITTSBURGH,PA,15206,Match,-79.914185488851,40.460623879186
6481 FRANKSTOWN ROAD|15206,6481 FRANKSTOWN ROAD,PITTSBURGH,PA,15206,Match,-79.914185488851,40.460623879186
649 HILLSBORO STREET|15204,649 HILLSBORO STREET,PITTSBURGH,PA,15204,Match,-80.053494309622,40.453289597652
649 OLD CLAIRTON ROAD|15236,649 OLD CLAIRTON ROAD,PITTSBURGH,PA,15236,Match,-79.956700216947,40.326236411804
650 CLAIRTON BLVD|15236,650 CLAIRTON BLVD.,PITTSBURGH,PA,15236,No_Match,,
6500 SALTSBURG ROAD|15235,6500 SALTSBURG ROAD,PITTSBURGH,PA,15235,Match,-79.809694298282,40.482820829608
651 LARIMER AVE|15206,651 LARIMER AVE,PITTSBURGH,PA,15206,No_Match,,
6513 STEUBENVILLE PIKE|15205,6513 STEUBENVILLE PIKE,PITTSBURGH,PA,15205,Match,-80.164249911915,40.447523784164
668 WASHINGTON RD|15228,668 WASHINGTON RD,PITTSBURGH,PA,15228,Match,-80.045124481571,40.379678224959
6680 FRANKSTOWN AVENUE|15206,6680 FRANKSTOWN AVENUE,PITTSBURGH,PA,15206,Match,-79.908482865831,40.458712457811
6680 FRANKSTOWN AV|15206,6680 FRANKSTOWN AV,PITTSBURGH,PA,15206,Match,-79.908482865831,40.458712457811
6701 FRANKSTOWN AVE|15208,6701 FRANKSTOWN AVE,PITTSBURGH,PA,15208,Match,-79.907946308955,40.458712552287
6936 5TH AVENUE|15208,6936 5TH AVENUE,PITTSBURGH,PA,15208,Match,-79.908498711729,40.457932302554
7 MERCY STREET|15214,7 MERCY STREET,PITTSBURGH,PA,15214,Match,-80.008335438648,40.462366850879
700 E WARRINGTON AVE|15210,700 E WARRINGTON AVE,PITTSBURGH,PA,15210,Match,-79.995738857138,40.421716159673
7006 FRANKSTOWN AVENUE|15122,7006 FRANKSTOWN AVENUE,PITTSBURGH,PA,15122,Match,-79.900916090919,40.458383485611
707 E WARRINGTON AVE|15210,707 E WARRINGTON AVE,PITTSBURGH,PA,15210,Match,-79.995447600179,40.421836546056
707 EAST WARRINGTON AVENUE|15210,707 EAST WARRINGTON AVENUE,PITTSBURGH,PA,15210,Match,-79.995447600179,40.421836546056
7151 HAMILTON AVE|15208,7151 HAMILTON AVE,PITTSBURGH,PA,15208,Match,-79.897914393375,40.454773947748
716 CLAIRTON BLVD|15236,716 CLAIRTON BLVD,PITTSBURGH,PA,15236,Match,-79.944141446422,40.325450460331
7201 FRANKSTOWN AVENUE|15208,7201 FRANKSTOWN AVENUE,PITTSBURGH,PA,15208,Match,-79.89620435807,40.457435527564
7201 FRANKSTOWN AVE|15208,7201 FRANKSTOWN AVE,PITTSBURGH,PA,15208,Match,-79.89620435807,40.457435527564
7206 MCKNIGHT RD|15237,7206 MCKNIGHT RD,PITTSBURGH,PA,15237,Match,-80.009980040423,40.53101775931
721 BROOKLINE BLVD|15226,721 BROOKLINE BLVD,PITTSBURGH,PA,15226,Match,-80.020642991783,40.394282466952
721 ISLAND AVE|15136,721 ISLAND AVE,PITTSBURGH,PA,15136,Match,-80.061871752839,40.47255639064
721 ISLAND AVE|15236,721 ISLAND AVE,PITTSBURGH,PA,15236,No_Match,,
7221 MCKNIGHT RD|15237,7221 MCKNIGHT RD,PITTSBURGH,PA,15237,Match,-80.013213562105,40.541997016384
7229 SUSQUEHANNA|15208,7229 SUSQUEHANNA,PITTSBURGH,PA,15208,Match,-79.897324416925,40.453394755024
728 COPELAND ST|15232,728 COPELAND ST,PITTSBURGH,PA,15232,Match,-79.935255700008,40.451739216625
73 E CARSON ST|15219,73 E CARSON ST,PITTSBURGH,PA,15219,Match,-80.00120239467,40.430900134163
73 EAST CARSON STREET|15219,73 EAST CARSON STREET,PITTSBURGH,PA,15219,Match,-80.00120239467,40.430900134163
7345 SALTSBURG ROAD|15235,7345 SALTSBURG ROAD,PITTSBURGH,PA,15235,Match,-79.785888971365,40.47786356193
7356 STRANAHAN STREET|15206,7356 STRANAHAN STREET,PITTSBURGH,PA,15206,Match,-79.890134137933,40.461652399298
7356 STRANAHAN ST|15206,7356 STRANAHAN ST,PITTSBURGH,PA,15206,Match,-79.890134137933,40.461652399298
738 BELLEFONTE STREET|15232,738 BELLEFONTE STREET,PITTSBURGH,PA,15232,Match,-79.934076785228,40.451411248597
740 W INGOMAR RD|15237,740 W INGOMAR RD,PITTSBURGH,PA,15237,Match,-80.05527478102,40.581543964625
740 W INGOMAR ROAD|15237,740 W INGOMAR ROAD,PITTSBURGH,PA,15237,Match,-80.05527478102,40.581543964625
740 WEST INGOMAR ROAD|15237,740 WEST INGOMAR ROAD,PITTSBURGH,PA,15237,Match,-80.05527478102,40.581543964625
7403 FRANKSTOWN AVE|15208,7403 FRANKSTOWN AVE,PITTSBURGH,PA,15208,Match,-79.891772734108,40.456423337057
7409 SALTSBURG ROAD|15235,7409 SALTSBURG ROAD,PITTSBURGH,PA,15235,Match,-79.784983579425,40.477548955417
745 WEST INGOMAR ROAD|15201,745 WEST INGOMAR ROAD,PITTSBURGH,PA,15201,Match,-80.055314492385,40.581424283558
745 WEST INGOMAR ROAD|15237,745 WEST INGOMAR ROAD,PITTSBURGH,PA,15237,Match,-80.055314492385,40.581424283558
748 BROWNSVILLE ROAD|15210,748 BROWNSVILLE ROAD,PITTSBURGH,PA,15210,Match,-79.991271602349,40.408565304018
7500 GRAND AVENUE|15225,7500 GRAND AVENUE,PITTSBURGH,PA,15225,Match,-80.147939323,40.517084596846
7500 MCKNIGHT RD|15237,7500 MCKNIGHT RD,PITTSBURGH,PA,15237,Match,-80.013537512369,40.542958685493
751 EAST WARRINGTON AVENU|15210,751 EAST WARRINGTON AVENU,PITTSBURGH,PA,15210,Match,-79.994362561609,40.421851647125
7530 PENN AVENUE|15208,7530 PENN AVENUE,PITTSBURGH,PA,15208,Match,-79.896178913222,40.447404915523
7530 PENN AVE|15208,7530 PENN AVE,PITTSBURGH,PA,15208,Match,-79.896178913222,40.447404915523
7599 MCKNIGHT RD|15237,7599 MCKNIGHT RD,PITTSBURGH,PA,15237,Match,-80.01511582501,40.544343071908
7599 MCKNIGHT ROAD|15237,7599 MCKNIGHT ROAD,PITTSBURGH,PA,15237,Match,-80.01511582501,40.544343071908
7600 PENN AVE|15221,7600 PENN AVE,PITTSBURGH,PA,15221,No_Match,,
7615 SALTSBURG RD|15239,7615 SALTSBURG RD,PITTSBURGH,PA,15239,Match,-79.778426761837,40.476054023125
7615 SALTSBURG ROAD|15239,7615 SALTSBURG ROAD,PITTSBURGH,PA,15239,Match,-79.778426761837,40.476054023125
7628 PENN AVENUE|15221,7628 PENN AVENUE,PITTSBURGH,PA,15221,No_Match,,
7628 PENN AVE|15221,7628 PENN AVE,PITTSBURGH,PA,15221,No_Match,,
7675 MCKNIGHT ROAD|15237,7675 MCKNIGHT ROAD,PITTSBURGH,PA,15237,Match,-80.016531003021,40.545455510664
7701 PENN AVE|15221,7701 PENN AVE,PITTSBURGH,PA,15221,No_Match,,
7809 MCKNIGHT ROAD|15237,7809 MCKNIGHT ROAD,PITTSBURGH,PA,15237,Match,-80.01805989772,40.547407816534
7901 SALTSBURG ROAD|15239,7901 SALTSBURG ROAD,PITTSBURGH,PA,15239,Match,-79.760963098089,40.476638403648
7919 PERRY HIGHWAY|15237,7919 PERRY HIGHWAY,PITTSBURGH,PA,15237,Match,-80.037820686078,40.552203074692
7921 SALSBURG ROAD|15239,7921 SALSBURG ROAD,PITTSBURGH,PA,15239,Match,-79.759517680628,40.477546492951
7926 FRANKSTOWN AVE|15221,7926 FRANKSTOWN AVE,PITTSBURGH,PA,15221,Match,-79.885222148515,40.455167765335
7926 FRANKSTOWN|15221,7926 FRANKSTOWN,PITTSBURGH,PA,15221,Match,-79.885222148515,40.455167765335
799 CASTLE SHANNON BLVD|15234,799 CASTLE SHANNON BLVD,PITTSBURGH,PA,15234,Match,-80.027914600131,40.368063895647
800 E WARRINGTON AVE|15210,800 E WARRINGTON AVE,PITTSBURGH,PA,15210,Match,-79.993660635458,40.421745513363
801 MT ROYAL BLVD|15223,801 MT ROYAL BLVD,PITTSBURGH,PA,15223,Match,-79.959130052386,40.514016478103
802 PENNSYLVANIA AVE|15233,802 PENNSYLVANIA AVE,PITTSBURGH,PA,15233,Match,-80.015459768785,40.45613418557
804 N NEGLEY AVE|15206,804 N NEGLEY AVE,PITTSBURGH,PA,15206,Match,-79.926106017863,40.471725566623
804 NORTH NEGLEY AVENUE|15206,804 NORTH NEGLEY AVENUE,PITTSBURGH,PA,15206,Match,-79.926106017863,40.471725566623
807 EAST ST|15212,807 EAST ST,PITTSBURGH,PA,15212,Match,-79.998225046224,40.454870427759
8080 MCINTYRE SQUARE DRIVE|15237,8080 MCINTYRE SQUARE DRIVE,PITTSBURGH,PA,15237,No_Match,,
810 IVY STREET|15232,810 IVY STREET,PITTSBURGH,PA,15232,Match,-79.93207615531,40.451331958801
8105 PERRY HWY|15237,8105 PERRY HWY,PITTSBURGH,PA,15237,Match,-80.038659220696,40.554500382636
812 EAST WARRINGTON AVENUE|15210,812 EAST WARRINGTON AVENUE,PITTSBURGH,PA,15210,Match,-79.993038908654,40.421754516105
8136 OHIO RIVER BLVD|15202,8136 OHIO RIVER BLVD,PITTSBURGH,PA,15202,Match,-80.094429571962,40.510315659647
8140 OHIO RIVER BLVD|15202,8140 OHIO RIVER BLVD,PITTSBURGH,PA,15202,Match,-80.09467177116,40.510352608022
815 UNIVERSAL ROAD|15235,815 UNIVERSAL ROAD,PITTSBURGH,PA,15235,Match,-79.812524267009,40.461207894006
817 LIBERTY AVENUE|15222,817 LIBERTY AVENUE,PITTSBURGH,PA,15222,Match,-79.998651407743,40.442815536136
817 LIBERTY AVE|15222,817 LIBERTY AVE,PITTSBURGH,PA,15222,Match,-79.998651407743,40.442815536136
818 WARRINGTON AVE|15210,818 WARRINGTON AVE,PITTSBURGH,PA,15210,Match,-79.992880572379,40.421756721286
819 LIBERTY AVENUE|15222,819 LIBERTY AVENUE,PITTSBURGH,PA,15222,Match,-79.998637208548,40.442819300982
8197 MCKNIGHT RD|15237,8197 MCKNIGHT RD,PITTSBURGH,PA,15237,Match,-80.023502290068,40.558041574566
820 PENNA AVE|15233,820 PENNA AVE,PITTSBURGH,PA,15233,Match,-80.015646325089,40.456099475422
820 PENNSYLVANIA AVENUE|15233,820 PENNSYLVANIA AVENUE,PITTSBURGH,PA,15233,Match,-80.015646325089,40.456099475422
830 SLEEPY HOLLOW RD|15234,830 SLEEPY HOLLOW RD,PITTSBURGH,PA,15234,Match,-80.019949636635,40.373710097278
838 E WARRINGTON AVE|15210,838 E WARRINGTON AVE,PITTSBURGH,PA,15210,Match,-79.992254644162,40.421747199273
838 EAST WARRINGTON AVENUE|15210,838 EAST WARRINGTON AVENUE,PITTSBURGH,PA,15210,Match,-79.992254644162,40.421747199273
8500 FRANKSTOWN ROAD|15235,8500 FRANKSTOWN ROAD,PITTSBURGH,PA,15235,Match,-79.875771621116,40.458143679013
8500 PERRY HIGHWAY|15237,8500 PERRY HIGHWAY,PITTSBURGH,PA,15237,Match,-80.039426009376,40.560454924986
8607 PERRY HWY MCCANDLESS|15237,8607 PERRY HWY MCCANDLESS,PITTSBURGH,PA,15237,Match,-80.039451653344,40.56125755784
87 JOSEPH ST|15227,87 JOSEPH ST,PITTSBURGH,PA,15227,Match,-79.963483920281,40.390300124395
8716 PEEBLES RD|15237,8716 PEEBLES RD,PITTSBURGH,PA,15237,No_Match,,
877 FREEPORT RD|15238,877 FREEPORT RD,PITTSBURGH,PA,15238,Match,-79.853170375984,40.499361110143
880 BUTLER ST|15223,880 BUTLER ST,PITTSBURGH,PA,15223,Match,-79.945943405972,40.508698361325
8936 FRANKSTOWN RD|15235,8936 FRANKSTOWN RD,PITTSBURGH,PA,15235,Match,-79.867455838517,40.460794477773
8936 FRANKSTOWN ROAD|15235,8936 FRANKSTOWN ROAD,PITTSBURGH,PA,15235,Match,-79.867455838517,40.460794477773
900 BRYN MAWR RD|15219,900 BRYN MAWR RD,PITTSBURGH,PA,15219,Match,-79.95878055177,40.451921419246
900 BUTLER ST|15223,900 BUTLER ST,PITTSBURGH,PA,15223,Match,-79.946715926965,40.511164009352
900 MOUNT ROYAL BLVD|15223,900 MOUNT ROYAL BLVD,PITTSBURGH,PA,15223,Match,-79.959052408316,40.515306669642
900 SLEEPY HOLLOW ROAD|15234,900 SLEEPY HOLLOW ROAD,PITTSBURGH,PA,15234,Match,-80.017846704352,40.371988955778
9001 FRANKSTOWN ROAD|15235,9001 FRANKSTOWN ROAD,PITTSBURGH,PA,15235,Match,-79.866298954085,40.461138277926
9003 FRANKSTOWN ROAD|15235,9003 FRANKSTOWN ROAD,PITTSBURGH,PA,15235,Match,-79.866274316396,40.461144312132
901 ELIZABETH STREET|15221,901 ELIZABETH STREET,PITTSBURGH,PA,15221,Match,-79.840770821921,40.426582068484
901 OHIO RIVER BLVD|15202,901 OHIO RIVER BLVD,PITTSBURGH,PA,15202,No_Match,,
901 OHIO RIVER BOULEVARD|15202,901 OHIO RIVER BOULEVARD,PITTSBURGH,PA,15202,No_Match,,
9010 FRANKSTOWN RD|15235,9010 FRANKSTOWN RD,PITTSBURGH,PA,15235,Match,-79.866018272651,40.46108663962
902 WOOD STREET|15221,902 WOOD STREET,PITTSBURGH,PA,15221,Match,-79.885088549491,40.442910653249
908 BROOKLINE BOULEVARD|15226,908 BROOKLINE BOULEVARD,PITTSBURGH,PA,15226,Match,-80.018967088014,40.392922182442
910 FREEPORT RD|15238,910 FREEPORT RD,PITTSBURGH,PA,15238,Match,-79.851571609727,40.50699670355
910 GALVESTON AVE|15233,910 GALVESTON AVE,PITTSBURGH,PA,15233,Match,-80.016569388705,40.452331748803
910 SAW MILL RUN BOULEVARD|15220,910 SAW MILL RUN BOULEVARD,PITTSBURGH,PA,15220,Match,-80.022581137957,40.426960859727
9100 PERRY HIGHWAY|15237,9100 PERRY HIGHWAY,PITTSBURGH,PA,15237,Match,-80.036944516597,40.573070430631
917 BUTLER STREET|15223,917 BUTLER STREET,PITTSBURGH,PA,15223,Match,-79.948049921986,40.511662618972
92 SYLVANIA ST|15210,92 SYLVANIA ST,PITTSBURGH,PA,15210,Match,-80.006166431558,40.417146500744
925 MELLON STREET|15206,925 MELLON STREET,PITTSBURGH,PA,15206,Match,-79.924038588308,40.472706002133
928 CHARTIERS AVENUE|15220,928 CHARTIERS AVENUE,PITTSBURGH,PA,15220,Match,-80.040156547747,40.443649129808
928 CHARTIERS AVE|15220,928 CHARTIERS AVE,PITTSBURGH,PA,15220,Match,-80.040156547747,40.443649129808
93 JOSEPH ST|15227,93 JOSEPH ST,PITTSBURGH,PA,15227,Match,-79.963585211499,40.390282052012
941 LIBERTY AVENUE|15222,941 LIBERTY AVENUE,PITTSBURGH,PA,15222,Match,-79.996444850398,40.443392356556
956 GREENTREE RD|15220,956 GREENTREE RD,PITTSBURGH,PA,15220,Match,-80.045560111582,40.418006176092
9566 PERRY HIGHWAY|15237,9566 PERRY HIGHWAY,PITTSBURGH,PA,15237,Match,-80.037672580199,40.580042990644
972 ROSELLE COURT|15207,972 ROSELLE COURT,PITTSBURGH,PA,15207,Match,-79.932446791431,40.407461494947
98 CENTER AVENUE|15229,98 CENTER AVENUE,PITTSBURGH,PA,15229,Match,-80.027478715769,40.511353677377
9805 MCKNIGHT RD|15237,9805 MCKNIGHT RD,PITTSBURGH,PA,15237,Match,-80.036736143327,40.58559969202
987 GREENTREE ROAD|15220,987 GREENTREE ROAD,PITTSBURGH,PA,15220,Match,-80.045319202795,40.417848950625
996 WEST VIEW PARK DR|15229,996 WEST VIEW PARK DR,PITTSBURGH,PA,15229,Match,-80.036145359073,40.516693057174
999 GREENTREE RD|15220,999 GREENTREE RD,PITTSBURGH,PA,15220,Match,-80.044955749792,40.41670831499
BAILEY AVE AT RUTH ST|15211,BAILEY AVE AT RUTH ST,PITTSBURGH,PA,15211,Match,-80.005170038268,40.42701599326
BAPTIST & GROVE RDS|15236,BAPTIST & GROVE RDS,PITTSBURGH,PA,15236,Match,-80.000619006641,40.357537991803
BAPTIST & WEYMAN RDS|15236,BAPTIST & WEYMAN RDS,PITTSBURGH,PA,15236,Match,-79.999724490196,40.35772949726
BESSEMER CT STATION SQUARE|15219,BESSEMER CT STATION SQUARE,PITTSBURGH,PA,15219,No_Match,,
BRIGHTON RD AND BASCOM ST|15212,BRIGHTON RD AND BASCOM ST,PITTSBURGH,PA,15212,Match,-80.043633988665,40.489841993384
CLEVER ROAD & FAIRHAVEN DR|15236,CLEVER ROAD & FAIRHAVEN DR,PITTSBURGH,PA,15236,No_Match,,
GREETREE AND COCHRAN RDS|15220,GREETREE AND COCHRAN RDS,PITTSBURGH,PA,15220,No_Match,,
MCKINNEY LN PARKWAY CTR MALL|15220,MCKINNEY LN PARKWAY CTR MALL,PITTSBURGH,PA,15220,No_Match,,
MCKNIGHT AND PEEBLES RDS|15237,MCKNIGHT AND PEEBLES RDS,PITTSBURGH,PA,15237,No_Match,,
ONE BIGELOW BLVD/DOUBLETR|15219,ONE BIGELOW BLVD/DOUBLETR,PITTSBURGH,PA,15219,Match,-79.994770581829,40.440442927501
ONE OXFORD CENTRE 301 GRANT STREET|15219,ONE OXFORD CENTRE 301 GRANT STREET,PITTSBURGH,PA,15219,Match,-79.99812435006,40.437613952561
PATTY J COVOL 1811 LEECHBURG RD|15235,PATTY J COVOL 1811 LEECHBURG RD,PITTSBURGH,PA,15235,Match,-79.789799173655,40.493403914493
PROSPECT & RADFORD STREET|15227,PROSPECT & RADFORD STREET,PITTSBURGH,PA,15227,No_Match,,
RM 18 CRAFTON ING SHPING CENTER FOSTER DR|15205,RM 18 CRAFTON ING. SHPING CENTER FOSTER DR,PITTSBURGH,PA,15205,Tie,,
RT 286 PLUM BORO|15239,RT 286 PLUM BORO,PITTSBURGH,PA,15239,Match,-79.729322285347,40.505276494724
SIXTH ST & PENN AVE|15222,SIXTH ST & PENN AVE,PITTSBURGH,PA,15222,Match,-80.002150038328,40.442741991143
STBNVLLE PK & WTRFRD RD|15205,STBNVLLE PK & WTRFRD RD,PITTSBURGH,PA,15205,No_Match,,
STEUBEN & FOSTER STS|15205,STEUBEN & FOSTER STS,PITTSBURGH,PA,15205,Match,-80.069415964304,40.438328000854
WEST VIEW SHOPPING PLAZ|15229,WEST VIEW SHOPPING PLAZ,PITTSBURGH,PA,15229,No_Match,,
