location_key,fda_street,fda_city,fda_state,zip5,fda_names,fda_records,fda_violations,fda_first_decision,fda_last_decision,lon,lat,tract_geoid,in_city_limits,city_scope,issue,lic_index,match_tier,distance_m,tier_rank
1017 CHESTNUT ST|15212,1017 CHESTNUT ST,PITTSBURGH,PA,15212,STANDFAST CHARLES,1.0,0.0,2012-06-13,2012-06-13,-79.995313058145,40.457180591586,42003563202,True,in_city,fda_location_without_license,,,,
1103 BROWNSVILLE RD|15210,1103 BROWNSVILLE RD,PITTSBURGH,PA,15210,TOBACCO OUTLET,2.0,0.0,2011-07-29,2012-03-09,-79.990776178003,40.405275103321,42003290200,True,in_city,fda_location_without_license,,,,
1103 BROWNSVILLE ROAD|15210,1103 BROWNSVILLE ROAD,PITTSBURGH,PA,15210,TOBACCO OUTLET,4.0,1.0,2014-10-16,2019-10-02,-79.990776178003,40.405275103321,42003290200,True,in_city,fda_location_without_license,,,,
1118 CARSON STREET|15203,1118 CARSON STREET,PITTSBURGH,PA,15203,ARYAS TOBACCO,1.0,0.0,2019-04-23,2019-04-23,-79.987266962526,40.428673350327,42003170200,True,in_city,fda_location_without_license,,,,
1119 BROWNSVILLE RD|15210,1119 BROWNSVILLE RD,PITTSBURGH,PA,15210,BROWNSVILLE ROAD FOODLAND,2.0,0.0,2011-11-16,2012-03-07,-79.990345157523,40.40453856477,42003290200,True,in_city,fda_location_without_license,,,,
1119 BROWNSVILLE ROAD|15210,1119 BROWNSVILLE ROAD,PITTSBURGH,PA,15210,SHOP 'N SAVE | SHOP N SAVE,5.0,2.0,2014-10-23,2019-05-23,-79.990345157523,40.40453856477,42003290200,True,in_city,fda_location_without_license,,,,
117 CLIMAX STREET|15210,117 CLIMAX STREET,PITTSBURGH,PA,15210,JOHNSONS TAVERN,1.0,0.0,2011-08-03,2011-08-03,-80.005362161709,40.419209424597,42003562400,True,in_city,fda_location_without_license,,,,
120 FEDERAL ST|15212,120 FEDERAL ST,PITTSBURGH,PA,15212,JEFF JOYCE,1.0,0.0,2011-10-21,2011-10-21,-80.004013282028,40.447744513714,42003563201,True,in_city,fda_location_without_license,,,,
120 SIXTH ST|15222,120 SIXTH ST,PITTSBURGH,PA,15222,PITTSBURGH NEWS,2.0,0.0,2012-06-26,2014-06-30,-80.002564971263,40.443497389698,42003020100,True,in_city,fda_location_without_license,,,,
122 N HIGHLAND AVE|15206,122 N HIGHLAND AVE,PITTSBURGH,PA,15206,DUKES HIGHLAND NEWS,2.0,0.0,2011-10-24,2012-06-13,-79.924471676268,40.46205934604,42003111500,True,in_city,fda_location_without_license,,,,
1222 BROWNSVILLE ROAD|15210,1222 BROWNSVILLE ROAD,PITTSBURGH,PA,15210,RITE AID #10926,3.0,0.0,2012-03-07,2019-05-23,-79.990087702591,40.403608015229,42003290200,True,in_city,fda_location_without_license,,,,
1235 MULDOWNEY AVE|15207,1235 MULDOWNEY AVE,PITTSBURGH,PA,15207,COMBO MINIMART,2.0,0.0,2011-08-03,2018-08-31,-79.914247339512,40.368767803669,42003310200,True,in_city,fda_location_without_license,,,,
125 WEST STATION SQUARE|15219,125 WEST STATION SQUARE,PITTSBURGH,PA,15219,PUFFS N STUFF,1.0,0.0,2012-02-07,2012-02-07,-80.004084496502,40.433137924552,42003980700,True,in_city,fda_location_without_license,,,,
1300 N MURTLAND|15208,1300 N MURTLAND,PITTSBURGH,PA,15208,HOWARD MARKET,1.0,0.0,2011-10-24,2011-10-24,-79.899681599961,40.461947578603,42003130700,True,in_city,fda_location_without_license,,,,
1306 BROOKLINE BLVD|15226,1306 BROOKLINE BLVD,PITTSBURGH,PA,15226,HIDEAWAY MINI MART,1.0,0.0,2012-03-12,2012-03-12,-80.010716789832,40.392222639837,42003191800,True,in_city,fda_location_without_license,,,,
132 BURROWS STREET|15213,132 BURROWS STREET,PITTSBURGH,PA,15213,S & K MARKET,2.0,0.0,2012-11-09,2015-03-16,-79.96656059703,40.439109855748,42003040200,True,in_city,fda_location_without_license,,,,
1327 ARCH STREET|15212,1327 ARCH STREET,PITTSBURGH,PA,15212,ALLEGHENY CITY MARKET | ALLEGHENY MARKET,2.0,2.0,2016-04-21,2017-09-14,-80.009236850393,40.456770487521,42003565100,True,in_city,fda_location_without_license,,,,
1327 ARCH ST|15212,1327 ARCH ST,PITTSBURGH,PA,15212,ALLEGHENY MARKET | DOUGS MARKET,2.0,0.0,2012-06-11,2015-04-20,-80.009236850393,40.456770487521,42003565100,True,in_city,fda_location_without_license,,,,
1330 BANKSVILLE RD|15216,1330 BANKSVILLE RD,PITTSBURGH,PA,15216,ANGOTTI TEXACO,2.0,0.0,2012-03-12,2014-03-24,-80.03014333516,40.415274510946,42003202300,True,in_city,fda_location_without_license,,,,
1341 ADAMS ST|15233,1341 ADAMS ST,PITTSBURGH,PA,15233,WILLIAM MORRIS,1.0,0.0,2012-01-25,2012-01-25,-80.02687839651,40.458705070815,42003565200,True,in_city,fda_location_without_license,,,,
1347 A WEST LIBERTY AVE|15226,1347 A WEST LIBERTY AVE,PITTSBURGH,PA,15226,WEST LIBERTY BEER,1.0,0.0,2016-10-18,2016-10-18,-80.011631594069,40.411371315354,42003191700,True,in_city,fda_location_without_license,,,,
136 NINTH STREET|15222,136 NINTH STREET,PITTSBURGH,PA,15222,9TH & PENN NEWS & NUMBERS,2.0,0.0,2012-01-09,2014-06-30,-79.998899735418,40.44477280851,42003020100,True,in_city,fda_location_without_license,,,,
1433 LINCOLN AVE|15206,1433 LINCOLN AVE,PITTSBURGH,PA,15206,OPEN PANTRY FOOD MART,1.0,0.0,2011-08-03,2011-08-03,-79.896736138345,40.468315724844,42003120300,True,in_city,fda_location_without_license,,,,
1506 5TH AVE|15219,1506 5TH AVE,PITTSBURGH,PA,15219,GIOVANNIS PIZZA,1.0,0.0,2023-06-26,2023-06-26,-79.984936709513,40.438478408203,42003010302,True,in_city,fda_location_without_license,,,,
1516 BRIGHTON RD|15212,1516 BRIGHTON RD,PITTSBURGH,PA,15212,FAMILY DOLLAR # 6322,1.0,0.0,2015-04-09,2015-04-09,-80.015569596302,40.457020353902,42003565100,True,in_city,fda_location_without_license,,,,
1534 BRIGHTON ROAD|15212,1534 BRIGHTON ROAD,PITTSBURGH,PA,15212,EXXON,1.0,0.0,2015-04-01,2015-04-01,-80.015626970052,40.457193601584,42003565100,True,in_city,fda_location_without_license,,,,
1604 BROADWAY AVE|15216,1604 BROADWAY AVE,PITTSBURGH,PA,15216,BEECHVIEW FOODLAND | IGA LAS PALMAS,3.0,0.0,2012-06-05,2018-09-19,-80.024747099731,40.410436417668,42003191600,True,in_city,fda_location_without_license,,,,
1608 WALZ STREET|15212,1608 WALZ STREET,PITTSBURGH,PA,15212,MEMES MARKET,3.0,0.0,2015-04-20,2019-03-27,-79.991168335237,40.463331072001,42003262000,True,in_city,fda_location_without_license,,,,
1632 SAW MILL RUN BLVD|15210,1632 SAW MILL RUN BLVD.,PITTSBURGH,PA,15210,PIT STOP BEER EXPRESS LLC,2.0,0.0,2014-09-29,2019-05-30,-79.999613246214,40.397758174433,42003320600,True,in_city,fda_location_without_license,,,,
1640 SAW MILL RUN BOULEVA|15210,1640 SAW MILL RUN BOULEVA,PITTSBURGH,PA,15210,QUICK STOP SUNOCO,1.0,0.0,2019-05-30,2019-05-30,-79.999461697073,40.397579711665,42003320600,True,in_city,fda_location_without_license,,,,
1640 SAW MILLRUN BOULEVARD|15210,1640 SAW MILLRUN BOULEVARD,PITTSBURGH,PA,15210,SUNOCO,2.0,1.0,2024-05-16,2024-10-07,-79.999461697073,40.397579711665,42003320600,True,in_city,fda_location_without_license,,,,
1642 PENN AVE|15222,1642 PENN AVE,PITTSBURGH,PA,15222,FORT PITT CANDY COMPANY INCORPORATE,1.0,0.0,2012-06-26,2012-06-26,-79.986834239717,40.449160322994,42003020300,True,in_city,fda_location_without_license,,,,
1700 MURRAY AVE|15217,1700 MURRAY AVE,PITTSBURGH,PA,15217,RITE AID OF PENNSYLVANIA INC,1.0,0.0,2025-06-11,2025-06-11,-79.923056044562,40.437996350201,42003141300,True,in_city,fda_location_without_license,,,,
1712 5TH AVE|15219,1712 5TH AVE,PITTSBURGH,PA,15219,SAMER F KAMOUCH,1.0,0.0,2012-06-14,2012-06-14,-79.982399926889,40.438375562294,42003010302,True,in_city,fda_location_without_license,,,,
1720 MURRAY AVE|15217,1720 MURRAY AVE,PITTSBURGH,PA,15217,MURRAY AVENUE GRILL,2.0,0.0,2014-05-16,2019-05-14,-79.923045250978,40.437799031176,42003141300,True,in_city,fda_location_without_license,,,,
1721 BEDFORD AVE|15219,1721 BEDFORD AVE,PITTSBURGH,PA,15219,ME AND MRS JONES,1.0,0.0,2011-12-08,2011-12-08,-79.986101358729,40.445010797273,42003030500,True,in_city,fda_location_without_license,,,,
1725 BEAVER AVE|15233,1725 BEAVER AVE,PITTSBURGH,PA,15233,BEAVER AVE SERVICE INC,1.0,0.0,2012-01-25,2012-01-25,-80.030230214831,40.456863290263,42003980600,True,in_city,fda_location_without_license,,,,
178 PEARL STREET|15224,178 PEARL STREET,PITTSBURGH,PA,15224,NICO'S RECOVERY ROOM,3.0,1.0,2018-01-04,2019-03-22,-79.948781619445,40.463866620943,42003080900,True,in_city,fda_location_without_license,,,,
1800 1814 MORNINGSIDE AVE|15206,1800 1814 MORNINGSIDE AVE,PITTSBURGH,PA,15206,RITE AID PHARMACY #03412,4.0,0.0,2012-11-14,2022-05-03,-79.92678691298,40.486731486591,42003101400,True,in_city,fda_location_without_license,,,,
1901 1903 FIFTH AVE|15219,1901 1903 FIFTH AVE,PITTSBURGH,PA,15219,MK-SCHWARTZ-MARKET,3.0,0.0,2011-09-08,2023-11-29,-79.979331615831,40.438354897185,42003030500,True,in_city,fda_location_without_license,,,,
1915 1921 E CARSON ST|15203,1915 1921 E CARSON ST,PITTSBURGH,PA,15203,RITE AID #10921,1.0,0.0,2018-07-01,2018-07-01,-79.978779137601,40.428707416724,42003170200,True,in_city,fda_location_without_license,,,,
1931 WEBSTER AVE|15219,1931 WEBSTER AVE,PITTSBURGH,PA,15219,JOE BURTCHS MARKET,1.0,0.0,2011-09-12,2011-09-12,-79.982489832215,40.445486726701,42003030500,True,in_city,fda_location_without_license,,,,
2 PPG PLACE|15222,2 PPG PLACE,PITTSBURGH,PA,15222,C & C NEWS & SNAX | CHOCOLATE AND CHANCES GIFT SHOP,2.0,0.0,2012-06-26,2014-07-02,-80.00352157224,40.44025868129,42003020100,True,in_city,fda_location_without_license,,,,
2001 MURRAY AVE|15217,2001 MURRAY AVE,PITTSBURGH,PA,15217,SQUIRREL HILL SUNOCO,1.0,0.0,2011-08-03,2011-08-03,-79.922762042405,40.434693614147,42003140800,True,in_city,fda_location_without_license,,,,
2020 SPRING GARDEN AVE|15212,2020 SPRING GARDEN AVE,PITTSBURGH,PA,15212,FAMILY DOLLAR # 7104,4.0,0.0,2015-04-09,2024-03-26,-79.985843398795,40.469513383025,42003241300,True,in_city,fda_location_without_license,,,,
2024 MURRAY AVENUE|15217,2024 MURRAY AVENUE,PITTSBURGH,PA,15217,MURRAY AVENUE NEWS & TOYS,3.0,1.0,2016-11-17,2018-05-14,-79.922928627997,40.434476258002,42003141300,True,in_city,fda_location_without_license,,,,
2024 MURRAY|15217,2024 MURRAY,PITTSBURGH,PA,15217,MURRAY AVE NEWS,3.0,0.0,2011-10-26,2014-04-26,-79.922928627997,40.434476258002,42003141300,True,in_city,fda_location_without_license,,,,
203 WILBUR ST|15210,203 WILBUR ST,PITTSBURGH,PA,15210,LAWRENCE HOWELLS,1.0,0.0,2011-08-03,2011-08-03,-79.992449949662,40.407631956853,42003300100,True,in_city,fda_location_without_license,,,,
2040 CENTRE|15219,2040 CENTRE,PITTSBURGH,PA,15219,TONYS MARKET,1.0,0.0,2011-09-13,2011-09-13,-79.978788927144,40.444324159122,42003050100,True,in_city,fda_location_without_license,,,,
208 FIFTH AVE|15222,208 FIFTH AVE,PITTSBURGH,PA,15222,ALPHA OUMAR DIALLO,1.0,0.0,2011-10-26,2011-10-26,-80.001898766146,40.441240399691,42003020100,True,in_city,fda_location_without_license,,,,
209 ATWOOD ST|15213,209 ATWOOD ST,PITTSBURGH,PA,15213,RITE AID PHARMACY #00272,3.0,0.0,2012-11-14,2023-10-19,-79.957317901085,40.440926102437,42003040500,True,in_city,fda_location_without_license,,,,
2103 NOBLESTOWN ROAD|15201,2103 NOBLESTOWN ROAD,PITTSBURGH,PA,15201,NOBLESTOWN SHOP N SAVE,1.0,0.0,2012-06-11,2012-06-11,-80.053106990614,40.431463933462,42003563100,True,in_city,fda_location_without_license,,,,
211 SMITHFIELD STREET|15222,211 SMITHFIELD STREET,PITTSBURGH,PA,15222,GIGGLES,1.0,0.0,2014-06-30,2014-06-30,-80.000188771237,40.437889066338,42003020100,True,in_city,fda_location_without_license,,,,
2112 2116 PENN AVE|15222,2112 2116 PENN AVE,PITTSBURGH,PA,15222,ASIAN FOODS INC,1.0,0.0,2014-06-30,2014-06-30,-79.982890013197,40.451762736884,42003020300,True,in_city,fda_location_without_license,,,,
2158 BROWNSVILLE ROAD|15210,2158 BROWNSVILLE ROAD,PITTSBURGH,PA,15210,RITE AID #10925,3.0,0.0,2012-03-07,2019-05-30,-79.986679370189,40.392113631666,42003290100,True,in_city,fda_location_without_license,,,,
216 BELTZHOOVER AVE|15210,216 BELTZHOOVER AVE,PITTSBURGH,PA,15210,KENS CONFECTIONARY,3.0,0.0,2012-06-11,2019-10-02,-79.997428055369,40.420260897717,42003562400,True,in_city,fda_location_without_license,,,,
2168 CENTER AVE|15219,2168 CENTER AVE,PITTSBURGH,PA,15219,YOUNG CHOE'S MARKET & RESTAURANT,1.0,0.0,2011-12-08,2011-12-08,-79.976703570892,40.445209306515,42003050100,True,in_city,fda_location_without_license,,,,
2208 MURRAY AVE|15217,2208 MURRAY AVE,PITTSBURGH,PA,15217,SMOKE ALTERNATIVE,1.0,0.0,2019-05-14,2019-05-14,-79.923256259188,40.432068255349,42003141300,True,in_city,fda_location_without_license,,,,
2210 MURRAY AVE|15217,2210 MURRAY AVE,PITTSBURGH,PA,15217,CONTINENTAL SMOKE SHOP,4.0,0.0,2012-11-09,2019-05-14,-79.92326433119,40.432009586477,42003141300,True,in_city,fda_location_without_license,,,,
225 WEST STATON SQUARE DRIVE|15219,225 WEST STATON SQUARE DRIVE,PITTSBURGH,PA,15219,BUCKHEAD SALOON,1.0,0.0,2017-04-14,2017-04-14,-80.005334170911,40.433839137586,42003980700,True,in_city,fda_location_without_license,,,,
2270 NOBLESTOWN ROAD|15205,2270 NOBLESTOWN ROAD,PITTSBURGH,PA,15205,RITE AID # 7924,3.0,0.0,2013-12-17,2019-02-22,-80.053594229484,40.428590091514,42003563100,True,in_city,fda_location_without_license,,,,
2300 JANE ST|15203,2300 JANE ST,PITTSBURGH,PA,15203,RITE AID PHARMACY#00273,1.0,0.0,2018-07-01,2018-07-01,-79.973153678975,40.426452517647,42003160900,True,in_city,fda_location_without_license,,,,
2408 REED STREET|15219,2408 REED STREET,PITTSBURGH,PA,15219,MURRAY ABBEANA,1.0,0.0,2011-11-16,2011-11-16,-79.971691663338,40.444998851558,42003051000,True,in_city,fda_location_without_license,,,,
2425 WYLIE AVE|15219,2425 WYLIE AVE,PITTSBURGH,PA,15219,WYLIES CORNER STORE,1.0,0.0,2011-11-16,2011-11-16,-79.972702819389,40.4477423092,42003050100,True,in_city,fda_location_without_license,,,,
2501 BANKSVILLE ROAD|15216,2501 BANKSVILLE ROAD,PITTSBURGH,PA,15216,RITE AID #10931,3.0,0.0,2012-03-12,2019-04-25,-80.034228568995,40.406885666785,42003202300,True,in_city,fda_location_without_license,,,,
2532 BROWNSVILLE RD|15210,2532 BROWNSVILLE RD,PITTSBURGH,PA,15210,GULF STATION | LENNIX AUTO WORKS,2.0,0.0,2014-09-29,2019-10-09,-79.979429070549,40.386069060189,42003290400,True,in_city,fda_location_without_license,,,,
254 S HIGHLAND AVE|15206,254 S HIGHLAND AVE,PITTSBURGH,PA,15206,SMOKE GLASS VAPE,1.0,0.0,2023-03-22,2023-03-22,-79.925275513146,40.457322452154,42003070500,True,in_city,fda_location_without_license,,,,
300 W STATION SQUARE DRI|15219,300 W. STATION SQUARE DRI,PITTSBURGH,PA,15219,TRAVEL TRADERS #3073,1.0,0.0,2019-09-05,2019-09-05,-80.007509155552,40.435069534895,42003980700,True,in_city,fda_location_without_license,,,,
304 VIRGINIA AVE|15211,304 VIRGINIA AVE,PITTSBURGH,PA,15211,DEBIASIO INC DBA COGO'S 2814,2.0,0.0,2014-08-26,2018-08-17,-80.010900267836,40.43126205992,42003190300,True,in_city,fda_location_without_license,,,,
307 TAYLOR AVE|15212,307 TAYLOR AVE,PITTSBURGH,PA,15212,LOCOCO-CARUSO,2.0,0.0,2015-04-20,2019-04-12,-80.010803579147,40.456677404521,42003565100,True,in_city,fda_location_without_license,,,,
3103 PENN AVE|15201,3103 PENN AVE,PITTSBURGH,PA,15201,31ST STREET PUB,1.0,0.0,2015-03-31,2015-03-31,-79.971337197135,40.459898336743,42003020300,True,in_city,fda_location_without_license,,,,
3112-14 CHARTIERS AVE|15204,3112-14 CHARTIERS AVE,PITTSBURGH,PA,15204,RALPH PHARMACY INC | UNITED FOOD MART,2.0,0.0,2012-06-15,2015-06-26,-80.061363850584,40.453632451921,42003202200,True,in_city,fda_location_without_license,,,,
3117 BRERETON AVE|15219,3117 BRERETON AVE,PITTSBURGH,PA,15219,GOOSKIS,1.0,0.0,2019-08-28,2019-08-28,-79.967473805342,40.45670315503,42003060500,True,in_city,fda_location_without_license,,,,
318 CEDAR AVENUE|15212,318 CEDAR AVENUE,PITTSBURGH,PA,15212,GIANT EAGLE 91,2.0,0.0,2019-09-03,2022-04-22,-80.000888322854,40.451045174929,42003563202,True,in_city,fda_location_without_license,,,,
318 CEDAR AVE|15212,318 CEDAR AVE,PITTSBURGH,PA,15212,GIANT EAGLE #0091 | NORTH SIDE GIANT EAGLE,6.0,2.0,2011-10-21,2019-05-09,-80.000888322854,40.451045174929,42003563202,True,in_city,fda_location_without_license,,,,
319 S CRAIG ST|15213,319 S CRAIG ST,PITTSBURGH,PA,15213,KOHLIS INDIAN IMPORTS,1.0,0.0,2012-11-09,2012-11-09,-79.948687972722,40.445214607634,42003040400,True,in_city,fda_location_without_license,,,,
3210 BANKSVILLE RD|15216,3210 BANKSVILLE RD,PITTSBURGH,PA,15216,RITE AID PHARMACY #01094,3.0,0.0,2016-04-05,2023-05-10,-80.044557230138,40.399588884958,42003202300,True,in_city,fda_location_without_license,,,,
3231 BRIGHTON RD|15212,3231 BRIGHTON RD,PITTSBURGH,PA,15212,CHERYL AUGUSTINE,1.0,0.0,2015-05-21,2015-05-21,-80.031481333773,40.475942659072,42003271600,True,in_city,fda_location_without_license,,,,
3235 BRIGHTON ROAD|15212,3235 BRIGHTON ROAD,PITTSBURGH,PA,15212,SCHWARTZ SUPER MARKET STORE,4.0,0.0,2012-03-13,2019-03-29,-80.031537499302,40.47598753737,42003271600,True,in_city,fda_location_without_license,,,,
330 GRANT ST LOBBY|15219,330 GRANT ST LOBBY,PITTSBURGH,PA,15219,GRANT BLDG NEWS,2.0,0.0,2011-07-06,2012-06-14,-79.997799260107,40.437651357617,42003020100,True,in_city,fda_location_without_license,,,,
3357 RIDGEWAY STREET|15213,3357 RIDGEWAY STREET,PITTSBURGH,PA,15213,KING OF THE HILL BEER,2.0,1.0,2015-04-16,2016-08-27,-79.964245446151,40.456027881212,42003060500,True,in_city,fda_location_without_license,,,,
3440 FORBES AVE|15213,3440 FORBES AVE,PITTSBURGH,PA,15213,CVS PHARMACY #2348,1.0,0.0,2012-11-14,2012-11-14,-79.960152907943,40.439177297266,42003040500,True,in_city,fda_location_without_license,,,,
3500 FORBES AVE|15213,3500 FORBES AVE,PITTSBURGH,PA,15213,FORBES AVE EXXON #219 | MARATHON,3.0,0.0,2012-11-14,2016-12-30,-79.959325589589,40.439777888059,42003040500,True,in_city,fda_location_without_license,,,,
3616 LOUISA STREET|15213,3616 LOUISA STREET,PITTSBURGH,PA,15213,GENES PLACE,1.0,0.0,2011-12-08,2011-12-08,-79.956095507784,40.439466393001,42003040500,True,in_city,fda_location_without_license,,,,
3700 FORBES|15213,3700 FORBES,PITTSBURGH,PA,15213,RITE AID #10930,4.0,0.0,2011-08-01,2025-06-11,-79.957519549504,40.441087615099,42003040500,True,in_city,fda_location_without_license,,,,
3730 BRIGHTON ROAD|15212,3730 BRIGHTON ROAD,PITTSBURGH,PA,15212,RITE AID 10929,4.0,0.0,2012-03-13,2019-03-29,-80.035557297619,40.483742061054,42003270800,True,in_city,fda_location_without_license,,,,
3817 BUTLER AVE|15201,3817 BUTLER AVE,PITTSBURGH,PA,15201,CIRCLE K | MACS CONVENIENCE STORES 4202,3.0,0.0,2012-03-12,2015-04-01,-79.964050797906,40.467304561434,42003060300,True,in_city,fda_location_without_license,,,,
3817 BUTLER STREET|15201,3817 BUTLER STREET,PITTSBURGH,PA,15201,CIRCLE K,1.0,1.0,2018-01-04,2018-01-04,-79.964050797906,40.467304561434,42003060300,True,in_city,fda_location_without_license,,,,
3939 BUTLER STREET|15201,3939 BUTLER STREET,PITTSBURGH,PA,15201,RITE AID,4.0,1.0,2018-01-04,2022-05-05,-79.963227142142,40.46805842153,42003060300,True,in_city,fda_location_without_license,,,,
3939 BUTLER ST|15201,3939 BUTLER ST,PITTSBURGH,PA,15201,RITE AID PHARMACY #02798,4.0,0.0,2012-03-12,2015-03-30,-79.963227142142,40.46805842153,42003060300,True,in_city,fda_location_without_license,,,,
401 SMITHFIELD STREET|15222,401 SMITHFIELD STREET,PITTSBURGH,PA,15222,QUICK STOP CONVENIENCE & COFFEE,1.0,0.0,2012-06-14,2012-06-14,-79.999579161334,40.438801493991,42003020100,True,in_city,fda_location_without_license,,,,
402-06 SEMPLE ST|15213,402-06 SEMPLE ST,PITTSBURGH,PA,15213,MELLINGER BEER DIST INC,1.0,0.0,2015-03-10,2015-03-10,-79.954924372955,40.436981920043,42003040600,True,in_city,fda_location_without_license,,,,
406 E OHIO ST|15212,406 E OHIO ST,PITTSBURGH,PA,15212,ALEX'S ICE CREAM | EAST PARK NEWS,4.0,0.0,2011-10-21,2016-04-27,-80.001433375411,40.453376939129,42003563202,True,in_city,fda_location_without_license,,,,
410 GREENTREE RD|15220,410 GREENTREE RD,PITTSBURGH,PA,15220,WEST END SMOKE & LOTTERY OUTLET INC,4.0,0.0,2012-03-13,2019-09-17,-80.033866400629,40.435758358884,42003562600,True,in_city,fda_location_without_license,,,,
4109 SIEBERT ST|15201,4109 SIEBERT ST,PITTSBURGH,PA,15201,THE BUS,1.0,0.0,2011-10-24,2011-10-24,-79.955766383962,40.466216992636,42003090200,True,in_city,fda_location_without_license,,,,
420 SMITHFIELD ST|15222,420 SMITHFIELD ST,PITTSBURGH,PA,15222,7-ELEVEN # 193,3.0,0.0,2011-06-20,2019-12-30,-79.999367462563,40.438872362824,42003020100,True,in_city,fda_location_without_license,,,,
422 WOOD ST|15222,422 WOOD ST,PITTSBURGH,PA,15222,CITY NEWS OUTLET,1.0,0.0,2019-01-15,2019-01-15,-80.00085665666,40.43991841185,42003020100,True,in_city,fda_location_without_license,,,,
429 FOURTH AVE|15219,429 FOURTH AVE,PITTSBURGH,PA,15219,MAYAS SARI SARI,1.0,0.0,2011-07-06,2011-07-06,-79.998341358258,40.438339608565,42003020100,True,in_city,fda_location_without_license,,,,
429 SMITHFIELD ST|15222,429 SMITHFIELD ST,PITTSBURGH,PA,15222,CVS PHARMACY #5100,1.0,0.0,2012-02-09,2012-02-09,-79.999297414954,40.439234481701,42003020100,True,in_city,fda_location_without_license,,,,
429 WOOD STREET|15222,429 WOOD STREET,PITTSBURGH,PA,15222,7-ELEVEN #170,2.0,0.0,2011-12-07,2012-06-14,-80.000859479899,40.440166168617,42003020100,True,in_city,fda_location_without_license,,,,
436 7TH AVE|15219,436 7TH AVE,PITTSBURGH,PA,15219,NIELSENS,1.0,0.0,2011-11-16,2011-11-16,-79.995718111246,40.442370282381,42003020100,True,in_city,fda_location_without_license,,,,
4411 HOWLEY STREET|15224,4411 HOWLEY STREET,PITTSBURGH,PA,15224,RITE AID #10939,4.0,0.0,2013-09-29,2019-04-10,-79.952215488469,40.464567350924,42003090300,True,in_city,fda_location_without_license,,,,
4419 BUTLER ST|15201,4419 BUTLER ST,PITTSBURGH,PA,15201,BUTLER MART,1.0,0.0,2012-03-12,2012-03-12,-79.959749503379,40.471647424201,42003090100,True,in_city,fda_location_without_license,,,,
4601 BUTLER ST|15201,4601 BUTLER ST,PITTSBURGH,PA,15201,PARTNERS,1.0,0.0,2013-11-04,2013-11-04,-79.958836523586,40.472896077717,42003090100,True,in_city,fda_location_without_license,,,,
4601 CENTER AVE|15213,4601 CENTER AVE,PITTSBURGH,PA,15213,DOLLAR PLUS,1.0,0.0,2012-11-14,2012-11-14,-79.951975820452,40.451958412288,42003562000,True,in_city,fda_location_without_license,,,,
4605 CENTER AVE|15213,4605 CENTER AVE,PITTSBURGH,PA,15213,BOMBAY INC,1.0,0.0,2012-05-02,2012-05-02,-79.951749816909,40.452026779871,42003562000,True,in_city,fda_location_without_license,,,,
4621 FORBES AVE|15213,4621 FORBES AVE,PITTSBURGH,PA,15213,UNIVERSITY EXXON,1.0,0.0,2012-11-14,2012-11-14,-79.948257191524,40.444534155962,42003982200,True,in_city,fda_location_without_license,,,,
4637 CENTRE AVE|15213,4637 CENTRE AVE,PITTSBURGH,PA,15213,D & L CONVENIENCE STORE | QUICK STOP CONVENIENCE STORE,3.0,0.0,2011-10-24,2017-01-04,-79.950660284434,40.452355896728,42003562000,True,in_city,fda_location_without_license,,,,
4711 LIBERTY AVENUE|15224,4711 LIBERTY AVENUE,PITTSBURGH,PA,15224,DONATELLI'S ITALIAN FOOD CENTER,3.0,1.0,2018-01-04,2019-03-22,-79.949513610512,40.461969461516,42003080900,True,in_city,fda_location_without_license,,,,
4711 LIBERTY AVE|15224,4711 LIBERTY AVE,PITTSBURGH,PA,15224,DONATELLIS ITALIAN FOOD CENTER INC,2.0,0.0,2013-09-04,2015-06-18,-79.949513610512,40.461969461516,42003080900,True,in_city,fda_location_without_license,,,,
472 44TH STREET|15201,472 44TH STREET,PITTSBURGH,PA,15201,LUNCH BOX OF PGH,1.0,0.0,2011-10-24,2011-10-24,-79.953826405474,40.4665369007,42003090200,True,in_city,fda_location_without_license,,,,
4902 CYPRESS ST|15224,4902 CYPRESS ST,PITTSBURGH,PA,15224,ALEX'S PIZZA SHOP | MILLVALE EXPRESS CONVENIENCE,4.0,0.0,2013-10-17,2019-04-10,-79.947053544884,40.458654829079,42003080400,True,in_city,fda_location_without_license,,,,
4915 SECOND AVE|15207,4915 SECOND AVE,PITTSBURGH,PA,15207,S&R MARKET,1.0,0.0,2018-08-31,2018-08-31,-79.943959596894,40.409840828353,42003562300,True,in_city,fda_location_without_license,,,,
5020 CENTER AVE|15213,5020 CENTER AVE,PITTSBURGH,PA,15213,SHADYSIDE CONVENIENCE STORE,1.0,0.0,2011-10-24,2011-10-24,-79.944101047395,40.454201437163,42003070900,True,in_city,fda_location_without_license,,,,
503 MARTINDALE STREET|15212,503 MARTINDALE STREET,PITTSBURGH,PA,15212,CLARK BAR & GRILL,3.0,0.0,2011-10-21,2016-04-27,-80.008814494319,40.449166662407,42003981200,True,in_city,fda_location_without_license,,,,
510 BROOKLINE BLVD|15226,510 BROOKLINE BLVD,PITTSBURGH,PA,15226,CVS PHARMACY #03189,2.0,0.0,2011-07-29,2012-03-12,-80.023349853252,40.396034007909,42003191900,True,in_city,fda_location_without_license,,,,
5150 BUTLER STREET|15201,5150 BUTLER STREET,PITTSBURGH,PA,15201,LUCKY STORE,4.0,0.0,2013-09-02,2019-05-21,-79.954991487546,40.479376063405,42003101100,True,in_city,fda_location_without_license,,,,
5152 PENN AVENUE|15224,5152 PENN AVENUE,PITTSBURGH,PA,15224,PRINCESS HAIR & BEAUTY SUPPLY,3.0,1.0,2015-10-01,2017-09-26,-79.941032403502,40.464674946739,42003080900,True,in_city,fda_location_without_license,,,,
5160 PENN AVE|15224,5160 PENN AVE,PITTSBURGH,PA,15224,FAMILY DOLLAR # 6137,3.0,0.0,2015-06-18,2019-04-02,-79.940873797175,40.464656269495,42003080900,True,in_city,fda_location_without_license,,,,
5224 PENN AVENUE|15224,5224 PENN AVENUE,PITTSBURGH,PA,15224,A&M MARKET,1.0,0.0,2018-06-10,2018-06-10,-79.939661527158,40.464509957269,42003080900,True,in_city,fda_location_without_license,,,,
5224 PENN AVE|15224,5224 PENN AVE,PITTSBURGH,PA,15224,A & M MARKET,4.0,2.0,2013-09-04,2017-05-18,-79.939661527158,40.464509957269,42003080900,True,in_city,fda_location_without_license,,,,
5268 BUTLER ST|15201,5268 BUTLER ST,PITTSBURGH,PA,15201,THE CIGAR DEN,1.0,0.0,2017-12-19,2017-12-19,-79.95302337441,40.481757805375,42003101100,True,in_city,fda_location_without_license,,,,
533 E OHIO ST|15212,533 E OHIO ST,PITTSBURGH,PA,15212,NORTH SHORE MINI MART LLC,1.0,0.0,2024-04-24,2024-04-24,-79.999728744584,40.453583535612,42003563202,True,in_city,fda_location_without_license,,,,
535 SMITHFIELD STREET STE 104|15222,535 SMITHFIELD STREET STE 104,PITTSBURGH,PA,15222,HS NEWS,1.0,0.0,2012-06-27,2012-06-27,-79.998144745876,40.440952436075,42003020100,True,in_city,fda_location_without_license,,,,
5401 PENN AVE|15206,5401 PENN AVE,PITTSBURGH,PA,15206,PENN AIKEN DAIRY,3.0,0.0,2011-10-24,2019-03-11,-79.936369831298,40.464736304938,42003111400,True,in_city,fda_location_without_license,,,,
5504 WALNUT ST|15232,5504 WALNUT ST,PITTSBURGH,PA,15232,RITE AID PHARMACY #00268,3.0,0.0,2012-11-14,2019-05-10,-79.933599445144,40.451173489552,42003070300,True,in_city,fda_location_without_license,,,,
558 BRADDOCK|15208,558 BRADDOCK,PITTSBURGH,PA,15208,MELVIN T DUNBAR,1.0,0.0,2011-08-03,2011-08-03,-79.891198311428,40.452715791412,42003130800,True,in_city,fda_location_without_license,,,,
5600 WILKINS AVE|15217,5600 WILKINS AVE,PITTSBURGH,PA,15217,CVS PHARMACY #04152,2.0,0.0,2011-08-03,2014-04-26,-79.927867602311,40.444052793858,42003140300,True,in_city,fda_location_without_license,,,,
5633 BAUM BLVD|15206,5633 BAUM BLVD,PITTSBURGH,PA,15206,RITE AID #10924,5.0,0.0,2011-10-24,2022-05-14,-79.934553995483,40.458193122879,42003080700,True,in_city,fda_location_without_license,,,,
5829 FORWARD AVE|15217,5829 FORWARD AVE,PITTSBURGH,PA,15217,NEW SELECT MINI-MART,1.0,0.0,2011-08-03,2011-08-03,-79.922389063198,40.429549909279,42003140800,True,in_city,fda_location_without_license,,,,
5956 PENN CIRCLE SOUTH|15206,5956 PENN CIRCLE SOUTH,PITTSBURGH,PA,15206,WALGREENS #9281,4.0,0.0,2012-11-14,2022-05-10,-79.926233487539,40.461854193248,42003111500,True,in_city,fda_location_without_license,,,,
600 COMMONWEALTH PL|15222,600 COMMONWEALTH PL,PITTSBURGH,PA,15222,FABER NEWS & GIFTS,1.0,0.0,2012-06-27,2012-06-27,-80.007306878728,40.442400444813,42003020100,True,in_city,fda_location_without_license,,,,
601 PENN AVE|15221,601 PENN AVE,PITTSBURGH,PA,15221,WILKINSBURG BEVERAGE CO,1.0,0.0,2013-10-11,2013-10-11,-80.002102779757,40.442814599919,42003020100,True,in_city,fda_location_without_license,,,,
6100 PENN AVE|15206,6100 PENN AVE,PITTSBURGH,PA,15206,CVS PHARMACY #04085,1.0,0.0,2012-06-13,2012-06-13,-79.923665195403,40.460940420038,42003111500,True,in_city,fda_location_without_license,,,,
618 WOODBOURNE AVE|15226,618 WOODBOURNE AVE,PITTSBURGH,PA,15226,POPLAR AUDREY,1.0,0.0,2011-12-08,2011-12-08,-80.023702806448,40.39398509473,42003191800,True,in_city,fda_location_without_license,,,,
623 EAST OHIO STREET|15212,623 EAST OHIO STREET,PITTSBURGH,PA,15212,RITE AID #10928,4.0,0.0,2012-06-14,2019-03-27,-79.998892870772,40.453743632646,42003563202,True,in_city,fda_location_without_license,,,,
623 SMITHFIELD ST|15222,623 SMITHFIELD ST,PITTSBURGH,PA,15222,RITE AID #10937,1.0,0.0,2012-06-14,2012-06-14,-79.997417832496,40.442068544023,42003020100,True,in_city,fda_location_without_license,,,,
7 MERCY STREET|15214,7 MERCY STREET,PITTSBURGH,PA,15214,MERCY STREET CONVENIENCE,1.0,0.0,2016-09-17,2016-09-17,-80.008335438648,40.462366850879,42003250900,True,in_city,fda_location_without_license,,,,
7151 HAMILTON AVE|15208,7151 HAMILTON AVE,PITTSBURGH,PA,15208,B & BS GROCERY,1.0,0.0,2011-08-03,2011-08-03,-79.897914393375,40.454773947748,42003130800,True,in_city,fda_location_without_license,,,,
7229 SUSQUEHANNA|15208,7229 SUSQUEHANNA,PITTSBURGH,PA,15208,MR NOLLY SMITH,1.0,0.0,2011-08-03,2011-08-03,-79.897324416925,40.453394755024,42003130800,True,in_city,fda_location_without_license,,,,
728 COPELAND ST|15232,728 COPELAND ST,PITTSBURGH,PA,15232,CALIGUIRI GREGG R,1.0,0.0,2011-10-24,2011-10-24,-79.935255700008,40.451739216625,42003070300,True,in_city,fda_location_without_license,,,,
73 E CARSON ST|15219,73 E CARSON ST,PITTSBURGH,PA,15219,AMERICAN NATURAL,1.0,1.0,2022-09-20,2022-09-20,-80.00120239467,40.430900134163,42003980700,True,in_city,fda_location_without_license,,,,
73 EAST CARSON STREET|15219,73 EAST CARSON STREET,PITTSBURGH,PA,15219,AMERICAN NATURAL | DESDEMONA HOLDINGS LP,2.0,0.0,2019-09-05,2023-08-30,-80.00120239467,40.430900134163,42003980700,True,in_city,fda_location_without_license,,,,
7403 FRANKSTOWN AVE|15208,7403 FRANKSTOWN AVE,PITTSBURGH,PA,15208,STANLEYS,1.0,0.0,2011-10-24,2011-10-24,-79.891772734108,40.456423337057,42003130200,True,in_city,fda_location_without_license,,,,
751 EAST WARRINGTON AVENU|15210,751 EAST WARRINGTON AVENU,PITTSBURGH,PA,15210,ONE STOP MINI MART,2.0,0.0,2019-05-23,2024-04-24,-79.994362561609,40.421851647125,42003180300,True,in_city,fda_location_without_license,,,,
800 E WARRINGTON AVE|15210,800 E WARRINGTON AVE,PITTSBURGH,PA,15210,EAGLE MART CORPORATION,1.0,0.0,2011-11-16,2011-11-16,-79.993660635458,40.421745513363,42003180300,True,in_city,fda_location_without_license,,,,
804 N NEGLEY AVE|15206,804 N NEGLEY AVE,PITTSBURGH,PA,15206,STANTON-NEGLEY DRUG CO,2.0,0.0,2018-02-26,2019-06-18,-79.926106017863,40.471725566623,42003110200,True,in_city,fda_location_without_license,,,,
804 NORTH NEGLEY AVENUE|15206,804 NORTH NEGLEY AVENUE,PITTSBURGH,PA,15206,STANTON NEGLEY DRUG CO.,4.0,2.0,2022-07-12,2024-07-17,-79.926106017863,40.471725566623,42003110200,True,in_city,fda_location_without_license,,,,
807 EAST ST|15212,807 EAST ST,PITTSBURGH,PA,15212,KASUNICK DISTRIBUTING INC,2.0,0.0,2015-04-20,2016-04-27,-79.998225046224,40.454870427759,42003563202,True,in_city,fda_location_without_license,,,,
810 IVY STREET|15232,810 IVY STREET,PITTSBURGH,PA,15232,VILLAGE PIZZA,1.0,0.0,2011-10-24,2011-10-24,-79.93207615531,40.451331958801,42003070300,True,in_city,fda_location_without_license,,,,
817 LIBERTY AVENUE|15222,817 LIBERTY AVENUE,PITTSBURGH,PA,15222,STEEL CITY TOBACCO,1.0,1.0,2021-11-11,2021-11-11,-79.998651407743,40.442815536136,42003020100,True,in_city,fda_location_without_license,,,,
817 LIBERTY AVE|15222,817 LIBERTY AVE,PITTSBURGH,PA,15222,STEEL CITY TOBACCO,1.0,0.0,2018-04-28,2018-04-28,-79.998651407743,40.442815536136,42003020100,True,in_city,fda_location_without_license,,,,
818 WARRINGTON AVE|15210,818 WARRINGTON AVE,PITTSBURGH,PA,15210,AMSLER PHARMACY,2.0,0.0,2011-11-16,2014-09-22,-79.992880572379,40.421756721286,42003180300,True,in_city,fda_location_without_license,,,,
820 PENNA AVE|15233,820 PENNA AVE,PITTSBURGH,PA,15233,EUGENE THOMAS,1.0,0.0,2012-01-25,2012-01-25,-80.015646325089,40.456099475422,42003565200,True,in_city,fda_location_without_license,,,,
8500 FRANKSTOWN ROAD|15235,8500 FRANKSTOWN ROAD,PITTSBURGH,PA,15235,SIMMIES RESTAURANT,1.0,0.0,2018-06-11,2018-06-11,-79.875771621116,40.458143679013,42003130600,True,in_city,fda_location_without_license,,,,
900 BRYN MAWR RD|15219,900 BRYN MAWR RD,PITTSBURGH,PA,15219,SCHENLEY HEIGHTS PIZZA,1.0,0.0,2019-12-30,2019-12-30,-79.95878055177,40.451921419246,42003050600,True,in_city,fda_location_without_license,,,,
908 BROOKLINE BOULEVARD|15226,908 BROOKLINE BOULEVARD,PITTSBURGH,PA,15226,BOULEVARD NEWS,1.0,0.0,2011-07-29,2011-07-29,-80.018967088014,40.392922182442,42003191800,True,in_city,fda_location_without_license,,,,
910 GALVESTON AVE|15233,910 GALVESTON AVE,PITTSBURGH,PA,15233,LITTLE DELI,1.0,0.0,2012-01-25,2012-01-25,-80.016569388705,40.452331748803,42003562700,True,in_city,fda_location_without_license,,,,
92 SYLVANIA ST|15210,92 SYLVANIA ST,PITTSBURGH,PA,15210,NELSON COMMUNITY STORE,2.0,0.0,2011-08-03,2014-09-24,-80.006166431558,40.417146500744,42003562400,True,in_city,fda_location_without_license,,,,
925 MELLON STREET|15206,925 MELLON STREET,PITTSBURGH,PA,15206,HIGHLAND PARK DELI INC,1.0,0.0,2012-11-14,2012-11-14,-79.924038588308,40.472706002133,42003110200,True,in_city,fda_location_without_license,,,,
941 LIBERTY AVENUE|15222,941 LIBERTY AVENUE,PITTSBURGH,PA,15222,LIBERTY AVENUE SALOON,3.0,1.0,2014-04-10,2015-06-06,-79.996444850398,40.443392356556,42003020100,True,in_city,fda_location_without_license,,,,
972 ROSELLE COURT|15207,972 ROSELLE COURT,PITTSBURGH,PA,15207,GLEN HAZEL GROCERY,1.0,0.0,2011-12-06,2011-12-06,-79.932446791431,40.407461494947,42003562300,True,in_city,fda_location_without_license,,,,
BAILEY AVE AT RUTH ST|15211,BAILEY AVE AT RUTH ST,PITTSBURGH,PA,15211,COGOS CO 777,1.0,0.0,2012-03-12,2012-03-12,-80.005170038268,40.42701599326,42003180700,True,in_city,fda_location_without_license,,,,
ONE OXFORD CENTRE 301 GRANT STREET|15219,ONE OXFORD CENTRE 301 GRANT STREET,PITTSBURGH,PA,15219,EASY STREET,1.0,0.0,2011-11-16,2011-11-16,-79.99812435006,40.437613952561,42003020100,True,in_city,fda_location_without_license,,,,
1 BIGELOW BLVD|15219,,,,,7-ELEVEN #106,2.0,0.0,2012-06-14,2024-01-28,,,,,,proximity_match_needs_review,353.0,proximity,44.07596265346525,1.0
1001 WESTERN AVE E|15233,,,,,7-ELEVEN 158,1.0,0.0,2012-01-25,2012-01-25,,,,,,proximity_match_needs_review,428.0,proximity,47.50129006923167,1.0
1125ARLINGTON AVE|15203,,,,,DAILY MART CONVENIENCE STORE INC,1.0,0.0,2018-07-01,2018-07-01,,,,,,proximity_match_needs_review,373.0,proximity,19.65225616821946,1.0
127 NORTH NAGLEY AVE|15206,,,,,NAGLEY A-PLUS,1.0,0.0,2012-02-27,2012-02-27,,,,,,proximity_match_needs_review,26.0,proximity,16.941848434438555,1.0
1407 LINCOLN AVENUE|15206,,,,,LINCOLN AVE. MARKET,2.0,0.0,2019-01-28,2019-07-24,,,,,,proximity_match_needs_review,786.0,proximity,7.0897916363187745,1.0
1407 LINCOLN AVE|15206,,,,,LINCOLN AVE. MARKET,1.0,1.0,2018-03-22,2018-03-22,,,,,,proximity_match_needs_review,786.0,proximity,7.0897916363187745,1.0
1860 CENTER AVE|15219,,,,,ABES MARKET INC,3.0,0.0,2011-09-08,2019-12-30,,,,,,proximity_match_needs_review,242.0,proximity,63.206483974095114,1.0
1860 CENTER AVE|15219,,,,,ABES MARKET INC,3.0,0.0,2011-09-08,2019-12-30,,,,,,proximity_match_needs_review,441.0,proximity,63.206483974095114,1.0
1920 SPRING GARDENS DR|15212,,,,,TOBACCO OUTLET,3.0,0.0,2015-04-09,2019-03-27,,,,,,proximity_match_needs_review,303.0,proximity,72.18081391271123,1.0
2300 2302 BROWNSVILLE ROA|15210,,,,,CARRICK BEER 4 LESS INC,2.0,0.0,2014-09-29,2019-10-08,,,,,,proximity_match_needs_review,702.0,proximity,7.54399746112597,1.0
2350 CENTER AVE|15219,,,,,CENTER A PLUS,1.0,0.0,2011-11-16,2011-11-16,,,,,,proximity_match_needs_review,25.0,proximity,68.14930301387824,1.0
256 S HIGHLAND AVE|15206,,,,,R MARKET INC,3.0,0.0,2018-02-22,2022-03-09,,,,,,proximity_match_needs_review,630.0,proximity,9.42511475755248,1.0
351 STANEHOPE STREET|15204,,,,,SUNOCO A-PLUS,1.0,0.0,2015-06-26,2015-06-26,,,,,,proximity_match_needs_review,474.0,proximity,28.98841350675119,1.0
3891 BRIGHTON RD|15212,,,,,BRIGHTON MINI - MART | JIMMY Z'S,2.0,0.0,2015-04-01,2023-12-01,,,,,,proximity_match_needs_review,410.0,proximity,54.044653435206705,1.0
4010 PENN AVE|15201,,,,,4010 PENN AVE EXXON # 224 | MARATHON,8.0,0.0,2011-10-24,2022-03-28,,,,,,proximity_match_needs_review,154.0,proximity,5.2678928416278,1.0
4209 MURRAY AVE|15217,,,,,GREENFIELD TOBACCO & NEWS LLC | SMOKEY BRO'S TOBACCO AND VAPE SHOP,6.0,1.0,2012-11-14,2025-06-16,,,,,,proximity_match_needs_review,46.0,proximity,7.466198920282198,1.0
4209 MURRAY AVE|15217,,,,,GREENFIELD TOBACCO & NEWS LLC | SMOKEY BRO'S TOBACCO AND VAPE SHOP,6.0,1.0,2012-11-14,2025-06-16,,,,,,proximity_match_needs_review,68.0,proximity,7.466198920282198,1.0
4209 MURRAY AVE|15217,,,,,GREENFIELD TOBACCO & NEWS LLC | SMOKEY BRO'S TOBACCO AND VAPE SHOP,6.0,1.0,2012-11-14,2025-06-16,,,,,,proximity_match_needs_review,518.0,proximity,12.801256039001185,1.0
5857 ELLSWORTH AVENUE|15236,,,,,SIX PACK TO GO,1.0,0.0,2019-10-22,2019-10-22,,,,,,proximity_match_needs_review,806.0,proximity,22.712373366607984,1.0
6481 FRANKSTOWN ROAD|15206,,,,,FRANSTOWN A PLUS,2.0,0.0,2011-10-24,2012-11-14,,,,,,proximity_match_needs_review,28.0,proximity,16.540363473344037,1.0
6680 FRANKSTOWN AV|15206,,,,,FRANKSTOWN EXXON 223 | MARATHON,3.0,0.0,2012-11-14,2019-03-22,,,,,,proximity_match_needs_review,29.0,proximity,70.64946819912709,1.0
6680 FRANKSTOWN AV|15206,,,,,FRANKSTOWN EXXON 223 | MARATHON,3.0,0.0,2012-11-14,2019-03-22,,,,,,proximity_match_needs_review,145.0,proximity,6.62016602261289,1.0
6680 FRANKSTOWN AV|15206,,,,,FRANKSTOWN EXXON 223 | MARATHON,3.0,0.0,2012-11-14,2019-03-22,,,,,,proximity_match_needs_review,596.0,proximity,6.62016602261289,1.0
7006 FRANKSTOWN AVENUE|15122,,,,,WAAD MINI MART,1.0,0.0,2021-10-15,2021-10-15,,,,,,proximity_match_needs_review,693.0,proximity,11.909322461797505,1.0
7926 FRANKSTOWN|15221,,,,,UPTOWN MARKET,1.0,0.0,2016-04-18,2016-04-18,,,,,,proximity_match_needs_review,273.0,proximity,25.48352270347971,1.0
7926 FRANKSTOWN|15221,,,,,UPTOWN MARKET,1.0,0.0,2016-04-18,2016-04-18,,,,,,proximity_match_needs_review,817.0,proximity,25.48352270347971,1.0
ONE BIGELOW BLVD/DOUBLETR|15219,,,,,7-ELEVEN #106,1.0,0.0,2011-11-16,2011-11-16,,,,,,proximity_match_needs_review,353.0,proximity,44.07596265346525,1.0
SIXTH ST & PENN AVE|15222,,,,,7-ELEVEN #165,1.0,0.0,2012-06-26,2012-06-26,,,,,,proximity_match_needs_review,826.0,proximity,8.630390750667916,1.0
1 VIRGINIA AVE|15211,,,,,,,,,,,,,,,location_matches_multiple_licenses,200.0,address,,
1 VIRGINIA AVE|15211,,,,,,,,,,,,,,,location_matches_multiple_licenses,371.0,address,,
1019 BROOKLINE BLVD|15226,,,,,,,,,,,,,,,location_matches_multiple_licenses,318.0,address,,
1019 BROOKLINE BLVD|15226,,,,,,,,,,,,,,,location_matches_multiple_licenses,864.0,address,,
115 SMITHFIELD ST|15222,,,,,,,,,,,,,,,location_matches_multiple_licenses,563.0,address,,
115 SMITHFIELD ST|15222,,,,,,,,,,,,,,,location_matches_multiple_licenses,717.0,address,,
1605 5TH AVENUE|15219,,,,,,,,,,,,,,,location_matches_multiple_licenses,213.0,address,,
1605 5TH AVENUE|15219,,,,,,,,,,,,,,,location_matches_multiple_licenses,867.0,address,,
1860 CENTER AVE|15219,,,,,,,,,,,,,,,location_matches_multiple_licenses,242.0,proximity,63.206483974095114,
1860 CENTER AVE|15219,,,,,,,,,,,,,,,location_matches_multiple_licenses,441.0,proximity,63.206483974095114,
2025 E CARSON ST|15203,,,,,,,,,,,,,,,location_matches_multiple_licenses,272.0,address,,
2025 E CARSON ST|15203,,,,,,,,,,,,,,,location_matches_multiple_licenses,407.0,address,,
2025 E CARSON ST|15203,,,,,,,,,,,,,,,location_matches_multiple_licenses,686.0,address,,
2025 E CARSON ST|15203,,,,,,,,,,,,,,,location_matches_multiple_licenses,868.0,address,,
2121 NOBLESTOWN ROAD|15205,,,,,,,,,,,,,,,location_matches_multiple_licenses,219.0,address,,
2121 NOBLESTOWN ROAD|15205,,,,,,,,,,,,,,,location_matches_multiple_licenses,517.0,address,,
214 NORTH CRAIG STREET|15213,,,,,,,,,,,,,,,location_matches_multiple_licenses,101.0,address,,
214 NORTH CRAIG STREET|15213,,,,,,,,,,,,,,,location_matches_multiple_licenses,447.0,address,,
2208 ARLINGTON AVENUE|15210,,,,,,,,,,,,,,,location_matches_multiple_licenses,682.0,address,,
2208 ARLINGTON AVENUE|15210,,,,,,,,,,,,,,,location_matches_multiple_licenses,809.0,address,,
2208 ARLINGTON AVE|15210,,,,,,,,,,,,,,,location_matches_multiple_licenses,682.0,address,,
2208 ARLINGTON AVE|15210,,,,,,,,,,,,,,,location_matches_multiple_licenses,809.0,address,,
2269 NOBLESTOWN ROAD|15205,,,,,,,,,,,,,,,location_matches_multiple_licenses,687.0,address,,
2269 NOBLESTOWN ROAD|15205,,,,,,,,,,,,,,,location_matches_multiple_licenses,843.0,address,,
2625 BROWNSVILLE ROAD|15227,,,,,,,,,,,,,,,location_matches_multiple_licenses,467.0,address,,
293 CORLISS STREET|15220,,,,,,,,,,,,,,,location_matches_multiple_licenses,620.0,address,,
293 CORLISS STREET|15220,,,,,,,,,,,,,,,location_matches_multiple_licenses,799.0,address,,
293 CORLISS ST|15220,,,,,,,,,,,,,,,location_matches_multiple_licenses,620.0,address,,
293 CORLISS ST|15220,,,,,,,,,,,,,,,location_matches_multiple_licenses,799.0,address,,
3245 BRIGHTON ROAD|15212,,,,,,,,,,,,,,,location_matches_multiple_licenses,235.0,address,,
3245 BRIGHTON ROAD|15212,,,,,,,,,,,,,,,location_matches_multiple_licenses,433.0,address,,
3604 5TH AVENUE|15213,,,,,,,,,,,,,,,location_matches_multiple_licenses,58.0,address,,
3604 5TH AVENUE|15213,,,,,,,,,,,,,,,location_matches_multiple_licenses,777.0,address,,
3801 FORBES AVENUE|15213,,,,,,,,,,,,,,,location_matches_multiple_licenses,72.0,address,,
3801 FORBES AVENUE|15213,,,,,,,,,,,,,,,location_matches_multiple_licenses,874.0,address,,
3801 FORBES AVE|15213,,,,,,,,,,,,,,,location_matches_multiple_licenses,72.0,address,,
3801 FORBES AVE|15213,,,,,,,,,,,,,,,location_matches_multiple_licenses,874.0,address,,
3901 CALIFORNIA AVE|15212,,,,,,,,,,,,,,,location_matches_multiple_licenses,337.0,address,,
3901 CALIFORNIA AVE|15212,,,,,,,,,,,,,,,location_matches_multiple_licenses,355.0,address,,
4209 MURRAY AVE|15217,,,,,,,,,,,,,,,location_matches_multiple_licenses,46.0,proximity,7.466198920282198,
4209 MURRAY AVE|15217,,,,,,,,,,,,,,,location_matches_multiple_licenses,68.0,proximity,7.466198920282198,
4209 MURRAY AVE|15217,,,,,,,,,,,,,,,location_matches_multiple_licenses,518.0,proximity,12.801256039001185,
4501 LIBERTY AVENUE|15224,,,,,,,,,,,,,,,location_matches_multiple_licenses,645.0,address,,
4501 LIBERTY AVENUE|15224,,,,,,,,,,,,,,,location_matches_multiple_licenses,848.0,address,,
4501 LIBERTY AVE|15224,,,,,,,,,,,,,,,location_matches_multiple_licenses,645.0,address,,
4501 LIBERTY AVE|15224,,,,,,,,,,,,,,,location_matches_multiple_licenses,848.0,address,,
504 OAK HILL DR|15213,,,,,,,,,,,,,,,location_matches_multiple_licenses,450.0,address,,
504 OAK HILL DR|15213,,,,,,,,,,,,,,,location_matches_multiple_licenses,750.0,address,,
5115 BUTLER ST|15201,,,,,,,,,,,,,,,location_matches_multiple_licenses,74.0,address,,
5115 BUTLER ST|15201,,,,,,,,,,,,,,,location_matches_multiple_licenses,310.0,address,,
5724 ELLSWORTH AVENUE|15232,,,,,,,,,,,,,,,location_matches_multiple_licenses,548.0,address,,
5724 ELLSWORTH AVENUE|15232,,,,,,,,,,,,,,,location_matches_multiple_licenses,721.0,address,,
5724 ELLSWORTH AVE|15232,,,,,,,,,,,,,,,location_matches_multiple_licenses,548.0,address,,
5724 ELLSWORTH AVE|15232,,,,,,,,,,,,,,,location_matches_multiple_licenses,721.0,address,,
649 HILLSBORO STREET|15204,,,,,,,,,,,,,,,location_matches_multiple_licenses,314.0,address,,
649 HILLSBORO STREET|15204,,,,,,,,,,,,,,,location_matches_multiple_licenses,884.0,address,,
6680 FRANKSTOWN AVENUE|15206,,,,,,,,,,,,,,,location_matches_multiple_licenses,145.0,address,,
6680 FRANKSTOWN AVENUE|15206,,,,,,,,,,,,,,,location_matches_multiple_licenses,596.0,address,,
6680 FRANKSTOWN AV|15206,,,,,,,,,,,,,,,location_matches_multiple_licenses,29.0,proximity,70.64946819912709,
6680 FRANKSTOWN AV|15206,,,,,,,,,,,,,,,location_matches_multiple_licenses,145.0,proximity,6.62016602261289,
6680 FRANKSTOWN AV|15206,,,,,,,,,,,,,,,location_matches_multiple_licenses,596.0,proximity,6.62016602261289,
707 E WARRINGTON AVE|15210,,,,,,,,,,,,,,,location_matches_multiple_licenses,122.0,address,,
707 E WARRINGTON AVE|15210,,,,,,,,,,,,,,,location_matches_multiple_licenses,123.0,address,,
707 EAST WARRINGTON AVENUE|15210,,,,,,,,,,,,,,,location_matches_multiple_licenses,122.0,address,,
707 EAST WARRINGTON AVENUE|15210,,,,,,,,,,,,,,,location_matches_multiple_licenses,123.0,address,,
7356 STRANAHAN STREET|15206,,,,,,,,,,,,,,,location_matches_multiple_licenses,325.0,address,,
7356 STRANAHAN STREET|15206,,,,,,,,,,,,,,,location_matches_multiple_licenses,475.0,address,,
7356 STRANAHAN ST|15206,,,,,,,,,,,,,,,location_matches_multiple_licenses,325.0,address,,
7356 STRANAHAN ST|15206,,,,,,,,,,,,,,,location_matches_multiple_licenses,475.0,address,,
7926 FRANKSTOWN AVE|15221,,,,,,,,,,,,,,,location_matches_multiple_licenses,273.0,address,,
7926 FRANKSTOWN AVE|15221,,,,,,,,,,,,,,,location_matches_multiple_licenses,817.0,address,,
7926 FRANKSTOWN|15221,,,,,,,,,,,,,,,location_matches_multiple_licenses,273.0,proximity,25.48352270347971,
7926 FRANKSTOWN|15221,,,,,,,,,,,,,,,location_matches_multiple_licenses,817.0,proximity,25.48352270347971,
