fy,records,up_checks,violations,pgh_up_checks,pgh_violations,city_up_checks,city_violations,city_violation_rate,city_share_of_checks,violation_rate,pgh_violation_rate,pgh_share_of_checks
2011,1817,884,106,46,2,39,2,0.051,0.044,0.12,0.043,0.052
2012,7711,3776,218,236,1,148,1,0.007,0.039,0.058,0.004,0.062
2013,5132,2792,270,106,0,57,0,0.0,0.02,0.097,0.0,0.038
2014,7599,3966,470,157,13,56,4,0.071,0.014,0.119,0.083,0.04
2015,7244,5681,1196,225,27,108,20,0.185,0.019,0.211,0.12,0.04
2016,5873,4770,626,146,20,62,7,0.113,0.013,0.131,0.137,0.031
2017,5267,4067,767,137,26,48,13,0.271,0.012,0.189,0.19,0.034
2018,3637,3609,416,163,23,82,12,0.146,0.023,0.115,0.141,0.045
2019,4625,4620,747,230,3,123,2,0.016,0.027,0.162,0.013,0.05
2020,1974,1924,231,32,1,15,1,0.067,0.008,0.12,0.031,0.017
2021,132,60,1,5,0,3,0,0.0,0.05,0.017,0.0,0.083
2022,1753,1752,509,54,21,39,17,0.436,0.022,0.291,0.389,0.031
2023,2339,2330,456,76,23,42,13,0.31,0.018,0.196,0.303,0.033
2024,3527,3471,390,123,37,71,24,0.338,0.02,0.112,0.301,0.035
2025,3027,2988,527,46,6,22,3,0.136,0.007,0.176,0.13,0.015
2026,2344,2342,287,30,5,4,2,0.5,0.002,0.123,0.167,0.013
