school_id,school_name,sector,year,lon,lat
420001700336,Manchester Academic CS,public,2023-2024,-80.023536,40.455733
420001800337,Urban Pathways 6-12 CS,public,2023-2024,-79.997337,40.443697
420001900338,Urban Academy of Greater Pittsburgh CS,public,2023-2024,-79.909825,40.462363
420009400663,City CHS,public,2023-2024,-80.00508,40.440043
420011100749,Propel CS-Homestead,public,2023-2024,-79.9105,40.4053
420013300866,The New Academy CS,public,2023-2024,-79.973769,40.415381
420013400867,Propel CS-McKeesport,public,2023-2024,-79.8481,40.3455
420013500869,Propel CS-East,public,2023-2024,-79.8154,40.4094
420075206095,Propel CS-Montour,public,2023-2024,-80.1061,40.4543
420081206819,Environmental CS at Frick Park,public,2023-2024,-79.896891,40.43595
420083307363,Propel CS-Braddock Hills,public,2023-2024,-79.8531,40.415
420084507424,Young Scholars of Western Pennsylvania CS,public,2023-2024,-80.018995,40.376383
420084707425,Urban Pathways K-5 College CS,public,2023-2024,-79.997136,40.444164
420084907380,Propel CS-Northside,public,2023-2024,-80.015907,40.460079
420085307381,Penn Hills CS of Entrepreneurship,public,2023-2024,-79.791726,40.472539
420085907427,Propel CS-Pitcairn,public,2023-2024,-79.7793,40.4042
420088007543,Propel CS-Hazelwood,public,2023-2024,-79.938357,40.404016
420088207549,Passport Academy CS,public,2023-2024,-79.996958,40.444401
420088407552,Young Scholars of Greater Allegheny CS,public,2023-2024,-79.831491,40.314116
420089007574,Provident CS,public,2023-2024,-79.985489,40.460749
420089607608,Westinghouse Arts Academy CS,public,2023-2024,-79.808438,40.391472
420090407681,Catalyst Academy CS,public,2023-2024,-79.896586,40.470102
420090607697,Life Male STEAM Academy CS,public,2023-2024,-79.81136,40.425749
420219000029,Springdale JSHS,public,2023-2024,-79.7823,40.5477
420219005296,Acmetonia El Sch,public,2023-2024,-79.816966,40.545397
420244000800,Highland El Sch,public,2023-2024,-80.2146,40.5931
420244006555,Ambridge Area HS,public,2023-2024,-80.2264,40.5923
420282000034,Avonworth El Sch,public,2023-2024,-80.0942,40.5423
420282000559,Avonworth MS,public,2023-2024,-80.078218,40.532313
420282005199,Avonworth HS,public,2023-2024,-80.078218,40.532313
420282007520,Avonworth Primary Center,public,2023-2024,-80.092306,40.542342
420297000037,McAnnulty El Sch,public,2023-2024,-79.9957,40.3452
420297000048,Whitehall El Sch,public,2023-2024,-79.994456,40.352739
420297000050,Baldwin SHS,public,2023-2024,-79.9779,40.3556
420297006787,J.E. Harrison Education Ctr,public,2023-2024,-80.0002,40.3508
420351000055,Bethel Memorial El Sch,public,2023-2024,-80.054,40.3237
420351000061,Independence MS,public,2023-2024,-80.0422,40.3381
420351000062,Bethel Park HS,public,2023-2024,-80.041955,40.333626
420351004802,Abraham Lincoln El Sch,public,2023-2024,-80.018,40.3542
420351004902,George Washington El Sch,public,2023-2024,-80.0625,40.3126
420351009977,Benjamin Franklin El Sch,public,2023-2024,-80.032297,40.32464
420351009978,Neil Armstrong 5-6 MS,public,2023-2024,-80.0218,40.3061
420414000068,Moore Sch,public,2023-2024,-79.9743,40.3688
420414000069,Elroy Avenue El Sch,public,2023-2024,-79.9732,40.3793
420414000070,Brentwood SHS,public,2023-2024,-79.974136,40.374316
420414009979,Brentwood MS,public,2023-2024,-79.974136,40.374316
420489004938,Hills-Hendersonville El Sch,public,2023-2024,-80.1298,40.3081
420489007258,Cecil Intrmd Sch,public,2023-2024,-80.224,40.319
420504000077,Carnegie El Sch,public,2023-2024,-80.0819,40.4015
420504000078,Crafton El Sch,public,2023-2024,-80.067,40.4311
420504000079,Carlynton JSHS,public,2023-2024,-80.0969,40.4249
420570000094,Chartiers Valley MS,public,2023-2024,-80.100663,40.379709
420570000114,Chartiers Valley Intrmd School,public,2023-2024,-80.0794,40.3968
420570000194,Chartiers Valley Primary Sch,public,2023-2024,-80.1068,40.3817
420570006706,Chartiers Valley HS,public,2023-2024,-80.1027,40.3789
420681006944,Cornell El Sch,public,2023-2024,-80.162898,40.508348
420681007335,Cornell HS,public,2023-2024,-80.162898,40.508348
420801000924,Duquesne El Sch,public,2023-2024,-79.8482,40.372
420806007558,Logan El Sch,public,2023-2024,-79.790417,40.363815
420806007559,East Allegheny JSHS,public,2023-2024,-79.787103,40.365759
420909000257,Greenock El Sch,public,2023-2024,-79.8027,40.3119
420996004242,Fort Cherry JSHS,public,2023-2024,-80.280146,40.345989
420996007270,Fort Cherry El Ctr,public,2023-2024,-80.281463,40.345251
421007000147,Dorseyville MS,public,2023-2024,-79.884,40.5769
421007000149,Fairview El Sch,public,2023-2024,-79.8999,40.5467
421007000153,Kerr El Sch,public,2023-2024,-79.9187,40.513
421007000156,Fox Chapel Area HS,public,2023-2024,-79.8693,40.5188
421007000461,OHara El Sch,public,2023-2024,-79.8636,40.5152
421007006780,Hartwood El Sch,public,2023-2024,-79.8864,40.5766
421062000157,Evergreen El Sch,public,2023-2024,-79.7717,40.4461
421062000167,Gateway MS,public,2023-2024,-79.7609,40.4438
421062000170,Gateway SHS,public,2023-2024,-79.755,40.4316
421062007696,Moss Side MS,public,2023-2024,-79.758493,40.429144
421062009980,Dr Cleveland Steward Jr El Sch,public,2023-2024,-79.7638,40.4327
421140000175,Central El Sch,public,2023-2024,-79.9263,40.5716
421140000176,Wyland El Sch,public,2023-2024,-79.9781,40.5615
421140000179,Hampton MS,public,2023-2024,-79.945976,40.588043
421140005190,Hampton HS,public,2023-2024,-79.9404,40.5836
421203000671,Independence El Sch,public,2023-2024,-80.327763,40.545056
421203000672,Hopewell El Sch,public,2023-2024,-80.2799,40.5768
421203000674,Hopewell JHS,public,2023-2024,-80.2619,40.5907
421203000675,Hopewell SHS,public,2023-2024,-80.2531,40.5884
421203009954,Margaret Ross El Sch,public,2023-2024,-80.2606,40.5924
421275000195,Dormont El Sch,public,2023-2024,-80.044,40.3947
421275000197,Keystone Oaks MS,public,2023-2024,-80.0294,40.3867
421275000203,Fred L Aiken El Sch,public,2023-2024,-80.0426,40.4238
421275000204,Myrtle Ave Sch,public,2023-2024,-80.0242,40.3677
421275005112,Keystone Oaks HS,public,2023-2024,-80.0303,40.3872
421494000565,Founders Hall Middle Sch,public,2023-2024,-79.833259,40.346282
421494006105,McKeesport Area SHS,public,2023-2024,-79.831307,40.343904
421494007615,Twin Rivers El Sch,public,2023-2024,-79.858751,40.34494
421494007616,Francis McClure El Sch,public,2023-2024,-79.808351,40.35033
421572005017,Montour HS,public,2023-2024,-80.1187,40.4673
421572007410,David E Williams MS,public,2023-2024,-80.101176,40.484642
421572007607,Montour El Sch,public,2023-2024,-80.120812,40.465445
421583000148,J H Brooks El Sch,public,2023-2024,-80.1769,40.5001
421583000240,Bon Meade El Sch,public,2023-2024,-80.2393,40.5457
421583004951,Moon Area SHS,public,2023-2024,-80.219931,40.510398
421583006743,McCormick El Sch,public,2023-2024,-80.174,40.4789
421583007430,Moon Area Upper MS,public,2023-2024,-80.2179,40.5129
421583007462,Moon Area Lower MS,public,2023-2024,-80.2179,40.5129
421583007556,J.A. Allard El Sch,public,2023-2024,-80.218531,40.53035
421583007577,Richard J. Hyde El Sch,public,2023-2024,-80.197021,40.52356
421611000245,Washington El Sch,public,2023-2024,-80.0452,40.3787
421611000246,Lincoln El Sch,public,2023-2024,-80.0486,40.3886
421611000247,Markham El Sch,public,2023-2024,-80.0549,40.367
421611000248,Howe El Sch,public,2023-2024,-80.0311,40.3755
421611000249,Foster El Sch,public,2023-2024,-80.0387,40.363
421611000250,Jefferson El Sch,public,2023-2024,-80.0608,40.3816
421611000251,Hoover El Sch,public,2023-2024,-80.0693,40.3741
421611000254,Mt Lebanon SHS,public,2023-2024,-80.050605,40.37521
421611000339,Mellon MS,public,2023-2024,-80.0453,40.3782
421611000340,Jefferson MS,public,2023-2024,-80.061,40.3825
421650007015,Edgewood El STEAM Academy,public,2023-2024,-79.883598,40.433085
421650007022,Wilkins El STEAM Academy,public,2023-2024,-79.8276,40.4308
421650007214,Woodland Hills HS,public,2023-2024,-79.8562,40.4363
421650007667,Turtle Creek EL STEAM Academy,public,2023-2024,-79.823635,40.405042
421650007670,Dickson Prep STEAM Academy,public,2023-2024,-79.893719,40.423494
421674007533,Berkey Sch,public,2023-2024,-79.763576,40.577866
421674007538,Roy A. Hunt El Sch,public,2023-2024,-79.760901,40.57751
421674007544,Valley JSHS,public,2023-2024,-79.756312,40.567421
421701000265,Franklin El Sch,public,2023-2024,-80.096241,40.586855
421701000266,Ingomar El Sch,public,2023-2024,-80.053045,40.582236
421701000268,McKnight El Sch,public,2023-2024,-80.0286,40.571
421701000269,Peebles El Sch,public,2023-2024,-80.0104,40.5652
421701000270,Ingomar MS,public,2023-2024,-80.072525,40.581486
421701005108,Carson MS,public,2023-2024,-80.0312,40.5662
421701006603,Hosack El Sch,public,2023-2024,-80.0023,40.5741
421722000004,McIntyre El Sch,public,2023-2024,-80.003808,40.549372
421722000290,West View El Sch,public,2023-2024,-80.0324,40.5211
421722000291,Ross El Sch,public,2023-2024,-80.0007,40.5257
421722006106,North Hills MS,public,2023-2024,-80.0254,40.5242
421722007122,North Hills HS,public,2023-2024,-80.0257,40.5262
421722007348,Highcliff El Sch,public,2023-2024,-80.055863,40.525129
421777000030,Avalon El Sch,public,2023-2024,-80.0664,40.5009
421777000053,Northgate MSHS,public,2023-2024,-80.0566,40.5063
421777006977,Bellevue El Sch,public,2023-2024,-80.0546,40.4942
421794005270,Stewartsville El Sch,public,2023-2024,-79.766383,40.344375
421859000309,Penn Hills SHS,public,2023-2024,-79.815182,40.466235
421859005019,Linton MS,public,2023-2024,-79.813136,40.48121
421859007532,Penn Hills El Sch,public,2023-2024,-79.806361,40.45046
421866006189,Trafford MS,public,2023-2024,-79.763559,40.379093
421866007131,Trafford El Sch,public,2023-2024,-79.763559,40.379093
421917000045,Pittsburgh Spring Hill K-5,public,2023-2024,-79.9893,40.4652
421917000253,Pittsburgh Banksville K-5,public,2023-2024,-80.037,40.4071
421917000255,Pittsburgh Woolslair K-5,public,2023-2024,-79.9571,40.4634
421917000326,Pittsburgh Carmalt K-8,public,2023-2024,-80.0068,40.3874
421917000330,Pittsburgh Concord K-5,public,2023-2024,-79.984599,40.38748
421917000351,Pittsburgh Montessori K-5,public,2023-2024,-79.9356,40.4622
421917000363,Pittsburgh Minadeo K-5,public,2023-2024,-79.9254,40.4236
421917000365,Pittsburgh Morrow K-8,public,2023-2024,-80.0398,40.48
421917000395,Pittsburgh Phillips K-5,public,2023-2024,-79.9782,40.4279
421917000400,Pittsburgh Grandview K-5,public,2023-2024,-79.9926,40.4245
421917000409,Pittsburgh Allderdice HS,public,2023-2024,-79.9193,40.4296
421917000412,Pittsburgh Carrick HS,public,2023-2024,-79.9892,40.391
421917000413,Pittsburgh Allegheny K-5,public,2023-2024,-80.008314,40.452683
421917000414,Pittsburgh Allegheny 6-8,public,2023-2024,-80.008712,40.453159
421917000416,Pittsburgh Perry HS,public,2023-2024,-80.0184,40.4888
421917000598,Pittsburgh Classical 6-8,public,2023-2024,-80.0498,40.4486
421917000599,Pittsburgh South Brook 6-8,public,2023-2024,-80.01,40.4032
421917000600,Pittsburgh West Liberty K-5,public,2023-2024,-80.01,40.403
421917000684,Pittsburgh Roosevelt K -5,public,2023-2024,-79.988896,40.3979
421917000922,Pittsburgh Spring Garden Early Childhood Ctr,public,2023-2024,-79.9854,40.4644
421917000928,Pittsburgh Chartiers Early Childhood Ctr,public,2023-2024,-80.075896,40.457725
421917000975,Pittsburgh Miller K-5,public,2023-2024,-79.9815,40.4473
421917000979,Pittsburgh Lincoln K-5,public,2023-2024,-79.9116,40.4601
421917000991,Pittsburgh Weil K-5,public,2023-2024,-79.9738,40.4444
421917003409,Pittsburgh Arsenal K-5,public,2023-2024,-79.9631,40.4673
421917006019,Pittsburgh Beechwood K-5,public,2023-2024,-80.0207,40.4146
421917006022,Pittsburgh Colfax K-8,public,2023-2024,-79.9154,40.4331
421917006024,Pittsburgh Dilworth K-5,public,2023-2024,-79.9175,40.4682
421917006026,Pittsburgh Fulton K-5,public,2023-2024,-79.9289,40.4772
421917006028,Pittsburgh Greenfield K-8,public,2023-2024,-79.944,40.4257
421917006042,Pittsburgh Liberty K-5,public,2023-2024,-79.9335,40.4532
421917006044,Pittsburgh Linden K-5,public,2023-2024,-79.9162,40.4456
421917006047,David B. Oliver Citywide Academy,public,2023-2024,-80.024121,40.464327
421917006664,Pittsburgh Pioneer,public,2023-2024,-80.0082,40.4034
421917006747,Pittsburgh Whittier K-5,public,2023-2024,-80.019,40.4361
421917006749,Pittsburgh South Hills 6-8,public,2023-2024,-80.0182,40.4197
421917006750,Pittsburgh Manchester K-8,public,2023-2024,-80.026511,40.456489
421917006751,Pittsburgh Arsenal 6-8,public,2023-2024,-79.9619,40.4681
421917006755,Pittsburgh Brookline K-8,public,2023-2024,-80.0247,40.3941
421917006756,Pittsburgh Westwood K-5,public,2023-2024,-80.0511,40.4319
421917006757,Pittsburgh Sunnyside K-8,public,2023-2024,-79.9336,40.4814
421917006761,Pittsburgh King K-8,public,2023-2024,-80.0046,40.4548
421917006766,Pittsburgh Mifflin K-8,public,2023-2024,-79.9152,40.37
421917006769,Pittsburgh Arlington K-8,public,2023-2024,-79.979216,40.409079
421917006811,Pittsburgh Conroy,public,2023-2024,-80.0251,40.4516
421917006915,Pittsburgh Brashear HS,public,2023-2024,-80.0181,40.4186
421917006989,Pittsburgh Science and Technology Academy 6-12,public,2023-2024,-79.9579,40.4433
421917006995,Pittsburgh Obama 6-12,public,2023-2024,-79.922641,40.46844
421917007014,Pittsburgh CAPA 6-12,public,2023-2024,-79.9987,40.445
421917007039,Pittsburgh Sterrett 6-8,public,2023-2024,-79.9053,40.4466
421917007132,Pittsburgh Schiller 6-8,public,2023-2024,-79.9932,40.4565
421917007345,Pittsburgh Milliones 6-12,public,2023-2024,-79.9625,40.4499
421917007411,Pittsburgh Faison K-5,public,2023-2024,-79.8943,40.4526
421917007412,Pittsburgh Westinghouse,public,2023-2024,-79.9012,40.4609
421917007468,Pittsburgh Langley K-8,public,2023-2024,-80.0558,40.4543
421917007505,Pittsburgh Online Academy,public,2023-2024,-79.950661,40.44468
421935000427,O'Block El Sch,public,2023-2024,-79.7595,40.4808
421935000435,Plum SHS,public,2023-2024,-79.767,40.5074
421935007298,Pivik El Sch,public,2023-2024,-79.755128,40.491998
421986000447,Quaker Valley MS,public,2023-2024,-80.1807,40.536
421986000448,Quaker Valley HS,public,2023-2024,-80.2033,40.5611
421986006108,Edgeworth El Sch,public,2023-2024,-80.1911,40.5489
421986006852,Osborne El Sch,public,2023-2024,-80.1686,40.5306
422043000295,Tenth Street El Sch,public,2023-2024,-79.8327,40.5212
422043006109,Verner El Sch,public,2023-2024,-79.8395,40.5051
422043006928,Riverview JSHS,public,2023-2024,-79.8441,40.5256
422058000258,South Fayette MS,public,2023-2024,-80.171166,40.377589
422058000468,South Fayette El Sch,public,2023-2024,-80.1705,40.3759
422058000470,South Fayette HS,public,2023-2024,-80.1671,40.3752
422058007479,South Fayette Intermediate Sch,public,2023-2024,-80.168481,40.373581
422120000458,Scott Primary Sch,public,2023-2024,-79.983121,40.5385
422120000460,Shaler Area HS,public,2023-2024,-79.9745,40.5155
422120004696,Burchfield Primary Sch,public,2023-2024,-79.9431,40.5475
422120004843,Reserve Primary Sch,public,2023-2024,-79.9811,40.4755
422120005101,Marzolf Primary Sch,public,2023-2024,-79.9664,40.5134
422120006774,Shaler Area MS,public,2023-2024,-79.963483,40.527802
422120006855,Shaler Area El Sch,public,2023-2024,-79.982618,40.539482
422191000693,South Allegheny El Sch,public,2023-2024,-79.8781,40.3304
422191007668,South Allegheny MS,public,2023-2024,-79.867345,40.324155
422191007669,South Allegheny HS,public,2023-2024,-79.867345,40.324155
422206000583,South Park Elem Center,public,2023-2024,-79.9875,40.3009
422279000193,Barrett El Sch,public,2023-2024,-79.9076,40.405
422279000196,Steel Valley SHS,public,2023-2024,-79.897969,40.388463
422279000259,Park El Sch,public,2023-2024,-79.906,40.3821
422279000260,Steel Valley MS,public,2023-2024,-79.897969,40.388463
422283000261,Sto-Rox Primary Ctr,public,2023-2024,-80.0955,40.4921
422283000477,Sto-Rox JSHS,public,2023-2024,-80.0745,40.4703
422283007576,Sto-Rox Upper El Sch,public,2023-2024,-80.094543,40.489801
422457000490,Eisenhower El Sch,public,2023-2024,-80.0626,40.3495
422457000491,Fort Couch MS,public,2023-2024,-80.0644,40.3538
422457000492,Upper Saint Clair HS,public,2023-2024,-80.0707,40.3348
422457004859,Streams El Sch,public,2023-2024,-80.0938,40.3224
422457005195,Baker El Sch,public,2023-2024,-80.0965,40.3352
422457005196,Boyce MS,public,2023-2024,-80.095,40.3166
422520000509,West Allegheny SHS,public,2023-2024,-80.2397,40.4489
422520000707,Donaldson Elem Sch,public,2023-2024,-80.2318,40.4182
422520005366,McKee El Sch,public,2023-2024,-80.1931,40.4156
422520005367,Wilson Elementary School,public,2023-2024,-80.2669,40.4442
422520006895,West Allegheny MS,public,2023-2024,-80.2377,40.4471
422559000516,Gill Hall El Sch,public,2023-2024,-79.9606,40.3007
422559000519,McClellan El Sch,public,2023-2024,-79.9705,40.3298
422559004867,Pleasant Hills MS,public,2023-2024,-79.962227,40.330319
422568000528,Clara Barton El Sch,public,2023-2024,-79.9215,40.3426
422568000535,West Mifflin Area MS,public,2023-2024,-79.871944,40.380081
422568000536,West Mifflin Area HS,public,2023-2024,-79.8733,40.3818
422568007666,Homeville El Sch,public,2023-2024,-79.874694,40.388507
422637000553,Turner Intermediate Sch,public,2023-2024,-79.8647,40.4495
422637005106,Kelly Primary Sch,public,2023-2024,-79.8903,40.4403
428001007041,A W Beattie Career Center,public,2023-2024,-80.006,40.5791
428003007043,McKeesport Area Technology Center,public,2023-2024,-79.831307,40.343904
428004007252,Parkway West Career and Technology Center,public,2023-2024,-80.177095,40.442749
428005007045,Steel Center for Career and Technical Education,public,2023-2024,-79.937417,40.321776
428049007093,Northern Westmoreland Career & Technology Center,public,2023-2024,-79.75527,40.568591
01192583,NORTHSIDE CATHOLIC ASSUMPTION ACADEMY,private,2021-2022,-80.036204,40.486329
01192594,MOTHER OF MERCY ACADEMY,private,2021-2022,-80.005694,40.356414
01192721,AVE MARIA ACADEMY - BETHEL CAMPUS,private,2021-2022,-80.051801,40.342736
01192732,ST JAMES ELEMENTARY SCHOOL,private,2021-2022,-80.184756,40.537488
01192787,SETON-LA SALLE HIGH SCHOOL,private,2021-2022,-80.026782,40.387583
01192801,SACRED HEART ELEMENTARY SCHOOL,private,2021-2022,-79.923671,40.4557
01192834,THE CAMPUS LABORATORY SCHOOL OF CARLOW UNIVERSITY,private,2021-2022,-79.962571,40.43935
01192878,MARY OF NAZARETH CATHOLIC S,private,2021-2022,-79.817461,40.34569
01193066,PROVIDENCE HEIGHTS ALPHA SCHOOL,private,2021-2022,-80.013767,40.570339
01193521,ST THERESE SCHOOL-MUNHALL,private,2021-2022,-79.900531,40.38804
01193543,DIVINE MERCY ACADEMY,private,2021-2022,-79.771731,40.44076
01193576,SERRA CATHOLIC HIGH SCHOOL,private,2021-2022,-79.824251,40.325445
01193612,OUR LADY OF THE SACRED HEART HIGH SCHOOL,private,2021-2022,-80.154531,40.50238
01193995,CENTRAL CATHOLIC HIGH SCHOOL,private,2021-2022,-79.945691,40.44678
01194004,BISHOP CANEVIN HIGH SCHOOL,private,2021-2022,-80.070887,40.423067
01194059,SISTER THEA BOWMAN CATHOLIC ACADEMY,private,2021-2022,-79.885531,40.44039
01194183,AVE MARIA ACADEMY-MT LEBANON CAMPUS,private,2021-2022,-80.042798,40.386736
01194252,ST BEDE SCHOOL,private,2021-2022,-79.910021,40.44733
01194514,MOTHER OF MERCY ACADEMY,private,2021-2022,-80.005361,40.35654
01196282,FALK LABORATORY SCHOOL,private,2021-2022,-79.959712,40.447054
01197366,SHADY SIDE ACADEMY COUNTRY DAY SCHOOL,private,2021-2022,-79.893451,40.52683
01197402,ST EDMUND'S ACADEMY,private,2021-2022,-79.924501,40.43721
01197832,ELLIS SCHOOL,private,2021-2022,-79.917971,40.45425
01197901,SEWICKLEY ACADEMY,private,2021-2022,-80.189929,40.545037
01197945,PRAISE CHRISTIAN ACADEMY,private,2021-2022,-79.797801,40.37348
01198031,COMMUNITY DAY SCHOOL,private,2021-2022,-79.917851,40.42768
01198905,PITTSBURGH NEW CHURCH SCHOOL,private,2021-2022,-79.903679,40.448373
01199181,THE UNIVERSITY SCHOOL,private,2021-2022,-79.930261,40.45146
01632094,TOLATR ACADEMY,private,2021-2022,-79.924051,40.47568
01632108,CORNERSTONE CHRISTIAN PREPARATORY ACADEMY,private,2021-2022,-79.934301,40.3345
01905993,RHEMA CHRISTIAN SCHOOL,private,2021-2022,-80.175871,40.50073
01906013,ROBINSON TOWNSHIP CHRISTIAN SCHOOL,private,2021-2022,-80.146011,40.46779
02052636,MONTESSORI CENTER ACADEMY,private,2021-2022,-79.952395,40.515436
02052862,YESHIVA SCHOOLS OF PITTSBURGH,private,2021-2022,-79.927861,40.43238
02052873,PITTSBURGH URBAN CHRISTIAN SCHOOL,private,2021-2022,-79.882991,40.44147
A0302659,THE DAY SCHOOL AT CHILDRENS INSTITUTE PITTSBURGH,private,2021-2022,-79.919521,40.44296
A0302738,THE NEIGHBORHOOD ACADEMY,private,2021-2022,-79.932341,40.47277
A0302743,NOAH'S ARK PRESCHOOL/KINDERGARTEN,private,2021-2022,-80.183351,40.53882
A0302764,PACE SCHOOL,private,2021-2022,-79.856491,40.4382
A0503090,PRESSLEY RIDGE DAY SCHOOL - PITTSBURGH,private,2021-2022,-80.019197,40.471378
A0508159,KINDERCARE LEARNING CENTER 1280,private,2021-2022,-80.006532,40.538816
A0702020,UNIVERSAL ACADEMY OF PITTSBURGH,private,2021-2022,-79.880861,40.42544
A0902760,CARNEGIE MELLON UNIV CHILDREN'S SCHOOL,private,2021-2022,-79.941506,40.442456
A0902761,CARRIAGE HOUSE CHILDRENS CENTER,private,2021-2022,-79.926732,40.442711
A0903063,MONTESSORI SCHOOL FOR CREATIVE LEARNING,private,2021-2022,-80.241213,40.546001
A0903137,PLEA SCHOOL,private,2021-2022,-79.884221,40.44191
A0903146,PRESSLEY RIDGE SCHOOL FOR AUTISM,private,2021-2022,-80.019197,40.471378
A1102004,ST LOUISE DE MARILLAC SCHOOL,private,2021-2022,-80.072331,40.317096
A1102018,WESTERN PENNSYLVANIA SCHOOL FOR THE DEAF,private,2021-2022,-79.881831,40.4347
A1171525,KINGDOM CARE LEARNING CENTER,private,2021-2022,-80.145581,40.34899
A1302996,SOUTHWOOD SCHOOL,private,2021-2022,-80.113696,40.359125
A1503117,ABUNDANT LIFE INTERNATIONAL ACADEMY,private,2021-2022,-80.052031,40.4945
A1503248,HILLCREST CHRISTIAN ACADEMY,private,2021-2022,-80.033631,40.34424
A1503282,KINDER CARE LEARNING CENTER,private,2021-2022,-80.050909,40.35345
A1503438,GUARDIAN ANGEL ACADEMY,private,2021-2022,-80.047145,40.42322
A1503464,THREE RIVERS VILLAGE SCHOOL,private,2021-2022,-79.941771,40.40714
A1703079,MARGARET SHADICK CYERT CENTER FOR EARLY ED & PROG,private,2021-2022,-79.943142,40.445771
A1703105,NEW STORY,private,2021-2022,-79.783383,40.450647
A1703138,PRESSLEY RIDGE SCHOOL FOR THE DEAF PROGRAM,private,2021-2022,-80.019253,40.471388
A1703170,SHADY SIDE ACADEMY JUNIOR SCHOOL,private,2021-2022,-79.897481,40.44424
A1703171,SHADY SIDE ACADEMY,private,2021-2022,-79.882388,40.5305
A1703237,WATSON INSTITUT SOCIAL CTR FOR ACADEMIC ACHIEVEMNT,private,2021-2022,-79.931761,40.49536
A1703239,WATSON INSTITUTE FRIENDSHIP ACADEMY THE,private,2021-2022,-79.931701,40.46125
A1903646,BRADLEY SCHOOL,private,2021-2022,-80.154491,40.443
A1903708,DEPAUL INSTITUTE,private,2021-2022,-79.923361,40.45666
A1903776,HOLY CROSS ACADEMY,private,2021-2022,-80.010663,40.529502
A1903806,KINDERCARE,private,2021-2022,-79.760001,40.4317
A1903969,WATSON INSTITUTE,private,2021-2022,-80.204986,40.573535
A1903984,YESHIVA SCHOOLS,private,2021-2022,-79.917301,40.43847
A1990643,BLESSED TRINITY ACADEMY,private,2021-2022,-79.932011,40.55531
A2103160,EASTER SEALS OF WESTERN AND CENTRAL PA,private,2021-2022,-79.96365,40.357764
A9105676,THE GLEN MONTESSORI SCHOOL,private,2021-2022,-80.035481,40.5356
A9105740,JUBILEE CHRISTIAN SCHOOL,private,2021-2022,-80.042621,40.38735
A9105891,OAKLAND CATHOLIC HIGH SCHOOL,private,2021-2022,-79.949401,40.44883
A9106097,WESTERN PA MONTESSORI SCHOOL,private,2021-2022,-79.973171,40.56115
A9106098,WESTERN PENNSYLVANIA SCHOOL FOR BLIND CHILDREN,private,2021-2022,-79.953791,40.44921
A9106118,WINCHESTER THURSTON SCHOOL,private,2021-2022,-79.928151,40.57305
A9300823,EDEN CHRISTIAN ACADEMY,private,2021-2022,-80.002843,40.530977
A9503434,AGH CENTER FOR CHILDREN,private,2021-2022,-79.999236,40.456556
A9503551,IMANI CHRISTIAN ACADEMY,private,2021-2022,-79.872511,40.453
A9702874,DE PAUL SCHOOL FOR HEARING & SPEECH,private,2021-2022,-79.923361,40.45666
A9702920,HOLY FAMILY SPECIALIZED LEARNING,private,2021-2022,-80.039131,40.49611
AA890824,ACLD TILLOTSON SCHOOL,private,2021-2022,-79.970142,40.36016
BB201570,WESLEY BRIDGE,private,2021-2022,-80.120741,40.3496
BB201574,ST THERESE SCHOOL,private,2021-2022,-79.900485,40.388163
BB201596,NORTHSIDE CATHOLIC ASSUMPTION ACADEMY,private,2021-2022,-80.036204,40.486329
BB201606,EASTER SEALS WESTERN AND CENTRAL PA,private,2021-2022,-79.935806,40.335638
BB201620,WESTMINSTER CHILD DEVELOPMENT CENTER,private,2021-2022,-80.065371,40.34007
K9304687,ROYAL OAK NURSERY SCHOOL & KINDERGARTEN,private,2021-2022,-79.958501,40.57868
K9304704,REDEEMER LUTHERAN SCHOOL,private,2021-2022,-79.813631,40.49427
K9304719,CARNEGIE MELLON CYERT  CENTER  FOR EARLY EDUCATION,private,2021-2022,-79.943142,40.445771
K9304735,MOUNT LEBANON MONTESSORI,private,2021-2022,-80.060588,40.38463
01193077,OUR LADY OF FATIMA SCHOOL,private,2021-2022,-80.257796,40.585123
01191014,MARY QUEEN OF APOSTLES SCHOOL,private,2021-2022,-79.752167,40.585847
A1302650,ADELPHOI EDUCATION AT HARTFORD HEIGHTS,private,2021-2022,-79.769371,40.36155
