attribute,level,visited,violations,rate,lower,upper,source,pages
purchaser_gender,Male,410,53,14.0,10.2,17.8,"PA DOH 2025 Annual Synar Report (published May 2026), data/pdf/synar_report_2025.pdf",pp. 10-12 (Tables 2-6)
purchaser_gender,Female,851,136,15.7,12.8,18.7,"PA DOH 2025 Annual Synar Report (published May 2026), data/pdf/synar_report_2025.pdf",pp. 10-12 (Tables 2-6)
purchaser_age,15,60,0,0.0,0.0,5.0,"PA DOH 2025 Annual Synar Report (published May 2026), data/pdf/synar_report_2025.pdf",pp. 10-12 (Tables 2-6)
purchaser_age,16,173,19,10.9,5.4,16.4,"PA DOH 2025 Annual Synar Report (published May 2026), data/pdf/synar_report_2025.pdf",pp. 10-12 (Tables 2-6)
purchaser_age,17,209,34,18.0,10.8,25.1,"PA DOH 2025 Annual Synar Report (published May 2026), data/pdf/synar_report_2025.pdf",pp. 10-12 (Tables 2-6)
purchaser_age,18,271,46,18.5,13.4,23.5,"PA DOH 2025 Annual Synar Report (published May 2026), data/pdf/synar_report_2025.pdf",pp. 10-12 (Tables 2-6)
purchaser_age,19,317,42,12.1,8.0,16.2,"PA DOH 2025 Annual Synar Report (published May 2026), data/pdf/synar_report_2025.pdf",pp. 10-12 (Tables 2-6)
purchaser_age,20,231,48,21.5,15.3,27.6,"PA DOH 2025 Annual Synar Report (published May 2026), data/pdf/synar_report_2025.pdf",pp. 10-12 (Tables 2-6)
purchaser_race,White,896,116,13.1,10.5,15.7,"PA DOH 2025 Annual Synar Report (published May 2026), data/pdf/synar_report_2025.pdf",pp. 10-12 (Tables 2-6)
purchaser_race,Black,320,65,20.3,15.2,25.5,"PA DOH 2025 Annual Synar Report (published May 2026), data/pdf/synar_report_2025.pdf",pp. 10-12 (Tables 2-6)
purchaser_race,Other,45,8,17.8,7.9,27.6,"PA DOH 2025 Annual Synar Report (published May 2026), data/pdf/synar_report_2025.pdf",pp. 10-12 (Tables 2-6)
purchaser_ethnicity,Hispanic,50,9,18.6,8.8,28.4,"PA DOH 2025 Annual Synar Report (published May 2026), data/pdf/synar_report_2025.pdf",pp. 10-12 (Tables 2-6)
purchaser_ethnicity,Non-Hispanic,1211,180,15.0,12.7,17.4,"PA DOH 2025 Annual Synar Report (published May 2026), data/pdf/synar_report_2025.pdf",pp. 10-12 (Tables 2-6)
clerk_gender,Male,680,119,17.3,14.0,20.6,"PA DOH 2025 Annual Synar Report (published May 2026), data/pdf/synar_report_2025.pdf",pp. 10-12 (Tables 2-6)
clerk_gender,Female,581,70,12.6,9.3,15.9,"PA DOH 2025 Annual Synar Report (published May 2026), data/pdf/synar_report_2025.pdf",pp. 10-12 (Tables 2-6)
