year,lower,upper,midpoint,note
2016,8,12,10.0,approximate: bounds read from Graph 1 (p. 6); 2025 exact rate is 15.2 (12.8-17.5)
2017,6,9,7.5,approximate: bounds read from Graph 1 (p. 6); 2025 exact rate is 15.2 (12.8-17.5)
2018,7,11,9.0,approximate: bounds read from Graph 1 (p. 6); 2025 exact rate is 15.2 (12.8-17.5)
2019,6,10,8.0,approximate: bounds read from Graph 1 (p. 6); 2025 exact rate is 15.2 (12.8-17.5)
2020,14,19,16.5,approximate: bounds read from Graph 1 (p. 6); 2025 exact rate is 15.2 (12.8-17.5)
2021,14,19,16.5,approximate: bounds read from Graph 1 (p. 6); 2025 exact rate is 15.2 (12.8-17.5)
2022,14,19,16.5,approximate: bounds read from Graph 1 (p. 6); 2025 exact rate is 15.2 (12.8-17.5)
2023,9,14,11.5,approximate: bounds read from Graph 1 (p. 6); 2025 exact rate is 15.2 (12.8-17.5)
2024,11,16,13.5,approximate: bounds read from Graph 1 (p. 6); 2025 exact rate is 15.2 (12.8-17.5)
2025,13,18,15.5,approximate: bounds read from Graph 1 (p. 6); 2025 exact rate is 15.2 (12.8-17.5)
