region,abbr,selected,completed,violations,rate,se,lower,upper,source,pages
Statewide,State,1698,1261,189,15.2,1.2,12.8,17.5,"PA DOH 2025 Annual Synar Report (published May 2026), data/pdf/synar_report_2025.pdf",p. 8 (Table 1)
Northcentral,NC,103,85,5,6.3,3.7,0.0,13.5,"PA DOH 2025 Annual Synar Report (published May 2026), data/pdf/synar_report_2025.pdf",p. 8 (Table 1)
Northeast,NE,207,171,19,11.1,2.6,5.9,16.3,"PA DOH 2025 Annual Synar Report (published May 2026), data/pdf/synar_report_2025.pdf",p. 8 (Table 1)
Northwest,NW,104,82,4,4.6,2.2,0.3,8.8,"PA DOH 2025 Annual Synar Report (published May 2026), data/pdf/synar_report_2025.pdf",p. 8 (Table 1)
Southcentral,SC,170,145,6,4.4,2.3,0.0,9.0,"PA DOH 2025 Annual Synar Report (published May 2026), data/pdf/synar_report_2025.pdf",p. 8 (Table 1)
Southeast,SE,303,213,43,20.0,3.9,12.4,27.5,"PA DOH 2025 Annual Synar Report (published May 2026), data/pdf/synar_report_2025.pdf",p. 8 (Table 1)
Southwest,SW,205,147,17,11.3,3.2,4.9,17.6,"PA DOH 2025 Annual Synar Report (published May 2026), data/pdf/synar_report_2025.pdf",p. 8 (Table 1)
Allegheny,AL,130,100,26,26.0,4.4,17.3,34.7,"PA DOH 2025 Annual Synar Report (published May 2026), data/pdf/synar_report_2025.pdf",p. 8 (Table 1)
Delaware,DE,110,83,20,24.1,4.7,14.8,33.4,"PA DOH 2025 Annual Synar Report (published May 2026), data/pdf/synar_report_2025.pdf",p. 8 (Table 1)
Erie,ER,100,65,8,12.3,4.1,4.2,20.4,"PA DOH 2025 Annual Synar Report (published May 2026), data/pdf/synar_report_2025.pdf",p. 8 (Table 1)
Philadelphia,PH,266,170,41,24.1,3.3,17.7,30.6,"PA DOH 2025 Annual Synar Report (published May 2026), data/pdf/synar_report_2025.pdf",p. 8 (Table 1)
