route,stops,minutes,expected_violations,licenses
0,13,473.9,3.43,JAY'S LOUNGE | WHITE NILE MINI MARKET | ANNS MARKET ...
1,13,473.1,2.87,CRAFT A PLUS | PITT MARKET ON FORBES INC | ARNISH INC ...
2,13,470.9,4.19,OAKLAND CONVENIENCE MART LLC | SHOP | FORBES DELI ...
3,12,474.7,2.93,GETGO #3003 | SHOP N GO ONE | DOLLAR GENERAL # 14985 ...
4,12,449.3,2.52,YESTERDAY'S BAR AND GRILL | 4073 BEECHWOOD BLVD | COEN MARKETS #1232 ...
5,12,460.8,2.72,GOLDEN TRIANGLE DISTRIBUTORS INC. | KING CITY | WALGREENS # 10345 ...
6,12,471.6,3.46,DWMERCHANDISELLC | BROOKLYN 2 MARKET INC | SAMS MARKET ...
7,12,455.1,2.56,SIX PACK TO GO | RN MARKET | KEYSTONE R&M LLC DBA KEYSTONE VAPO ...
8,12,449.6,3.54,GIANT EAGLE 40 | 5604 BAUM BLVD | CIO STORES LLC BAUM BLVD #17 ...
9,13,477.8,3.61,TOBACCO OUTLET INC | COMMUNITY MARKET #96 | KEYSTONE VAPORS ...
10,12,449.4,2.78,GROCERY KART | GARFIELD MARKET | PEOPLE'S GROCERY ...
11,12,458.6,2.42,PISTELLA BEER LLC | NEGLEY A PLUS | FARM FRESH MARKET OF PITTSBURGH INC ...
12,12,463.6,2.66,GETGO #3107 | ARSENAL BEER EMPORIUM | KEYSTONE VAPORS ...
13,12,453.7,2.68,MERCY MARKET LLC | SAAD UNITED INC | NORTHSIDE BEER ...
14,12,466.3,2.77,CALIFORNIA MINI MART | WAAD 2 LLC | BRIGHTON BEVERAGES LLC DBA BRIGHTON ...
15,12,450.9,2.6,TOM FRIDAY MARKET | MON CITY SMOKE AND GROCERY LLC | FAMILY DOLLAR #31692 ...
16,13,476.1,3.15,RIVERS CASINO | NS PUB INC | THE 1864 CLUB BY VILLAGIO LLC ...
17,13,464.6,3.75,DUQUESNE CLUB | 7-ELEVEN STORE 36145D | GREEN BOYS SMOKE SHOP LLC ...
18,12,451.7,3.26,WESTWOOD ASIAN BAZAAR LLC | NOBLESTOWN TOBACCO LLC | 7-ELEVEN STORE 2701-36185A ...
19,12,460.2,2.92,SUPER BEER WORLD LLC | GIANT EAGLE #0006 | CRATTON ...
20,12,438.1,3.07,EVENT NETWORK #5016 | THE DRAWING ROOM CIGAR CLUB | HAPPY DRAGON MT WASHINGTON ...
21,12,450.0,2.85,DOLLAR GENERAL #19007 | DOLLAR GENERAL #19007 | ADAN MARKET 2 INC ...
22,12,450.3,2.75,ISHREEKHODIYAR LLC WEST LIBERTY | CHEERS 2 DORMONT INC | BROOKLINE SUNOCO ...
23,12,453.5,3.66,AGAMABAANI | BP GAS STATION | DUKES BEER ...
24,12,449.3,3.52,FAMILY DOLLAR # 32168 | FAMILY DOLLAR #32168 | KISK USA ...
25,13,469.4,3.39,JAG DEV CONVENIENCE STORE | CARSON CONVENIENCE | KEYSTONE VAPORS ...
26,13,463.9,4.11,BLOOM CIGAR CO INC | STORE | SKY SMOKE SHOP INC ...
27,13,459.7,3.79,PITTSTOP MART LLC | MBROS ENTERPRISES INC | VIBE SIREAL ...
