budget_checks,budget_share_of_N,policy,events_exact,distinct_exact,distinct_sim,coverage_exact,coverage_sim,top_decile_covered,cost_checks,distinct_per_check,distinct_if_lift
34,0.1,srs,8.66796372481569,8.66796372481569,8.537,0.09855072463768116,0.09855072463768114,0.09855072463768116,34,0.2549401095534027,8.66796372481569
34,0.1,iid,8.66796372481569,8.54306498556937,8.576,0.09397993679881989,0.09398550724637682,0.09397993679881989,34,0.2512666172226285,8.54306498556937
34,0.1,stratified,8.66796372481569,8.66796372481569,8.588,0.09855072463768116,0.09855072463768114,0.09855072463768116,34,0.2549401095534027,8.66796372481569
34,0.1,targeted,14.477341331943336,14.477341331943336,14.405,0.09855072463768116,0.09855072463768114,1.0,34,0.42580415682186284,13.001945587223537
86,0.25,srs,21.92484942159263,21.92484942159263,21.921,0.2492753623188406,0.2492753623188406,0.2492753623188406,86,0.2549401095534027,21.92484942159263
86,0.25,iid,21.92484942159263,21.124628115305462,20.918,0.22091671848026773,0.22094202898550724,0.22091671848026773,86,0.24563521064308677,21.124628115305462
86,0.25,stratified,21.92484942159263,21.92484942159263,21.829,0.2492753623188406,0.2492753623188406,0.2492753623188406,86,0.2549401095534027,21.92484942159263
86,0.25,targeted,34.69111096607451,34.69111096607451,34.896,0.2492753623188406,0.2492753623188406,1.0,86,0.4033850112334246,32.887274132388946
172,0.5,srs,43.84969884318526,43.84969884318526,43.789,0.4985507246376812,0.4985507246376812,0.4985507246376812,172,0.2549401095534027,43.84969884318526
172,0.5,iid,43.84969884318526,40.71676372545524,40.715,0.3930292404564456,0.3933246376811594,0.3930292404564456,172,0.2367253704968328,40.71676372545524
172,0.5,stratified,43.84969884318526,43.84969884318526,43.765,0.4985507246376812,0.4985507246376812,0.4985507246376812,172,0.2549401095534027,43.84969884318526
172,0.5,targeted,59.095401763512285,59.095401763512285,58.806,0.4985507246376812,0.4985507246376812,1.0,172,0.3435779172297226,59.095401763512285
259,0.75,srs,66.0294883743313,66.0294883743313,66.183,0.7507246376811594,0.7507246376811594,0.7507246376811594,259,0.2549401095534027,66.0294883743313
259,0.75,iid,66.0294883743313,59.102510354148045,59.254,0.5284898977701145,0.5287536231884058,0.5284898977701145,259,0.22819502067238628,59.102510354148045
259,0.75,stratified,66.0294883743313,66.0294883743313,65.567,0.7507246376811594,0.7507246376811594,0.7507246376811594,259,0.2549401095534027,66.0294883743313
259,0.75,targeted,79.14424265859847,79.14424265859847,79.49,0.7507246376811594,0.7507246376811594,1.0,259,0.3055762264810752,79.14424265859847
345,1.0,srs,87.95433779592392,87.95433779592392,88.011,1.0,1.0,1.0,345,0.2549401095534027,87.95433779592392
345,1.0,iid,87.95433779592392,75.97231934750691,76.122,0.6326543622850362,0.6340724637681159,0.6326543622850362,345,0.2202096212971215,75.97231934750691
345,1.0,stratified,87.95433779592392,87.95433779592392,87.836,1.0,1.0,1.0,345,0.2549401095534027,87.95433779592392
345,1.0,targeted,87.95433779592392,87.95433779592392,88.239,1.0,1.0,1.0,345,0.2549401095534027,87.95433779592392
