route,date,team,plan,month
18,2027-07-06,1,A,7
26,2027-07-07,1,A,7
12,2027-07-08,1,A,7
22,2027-07-09,1,A,7
11,2027-07-09,2,A,7
10,2027-07-13,1,A,7
23,2027-07-13,2,A,7
25,2027-07-14,1,A,7
16,2027-07-15,2,A,7
1,2027-07-16,1,A,7
21,2027-07-20,1,A,7
6,2027-07-20,2,A,7
19,2027-07-21,2,A,7
7,2027-07-22,1,A,7
15,2027-07-26,2,A,7
4,2027-07-28,2,A,7
24,2027-07-29,2,A,7
17,2027-07-30,1,A,7
20,2027-08-04,1,A,8
13,2027-08-05,1,A,8
0,2027-08-10,1,A,8
8,2027-08-11,1,A,8
3,2027-08-12,1,A,8
5,2027-08-13,2,A,8
14,2027-08-16,2,A,8
2,2027-08-18,2,A,8
27,2027-08-19,2,A,8
9,2027-08-20,2,A,8
11,2027-01-14,1,B,1
4,2027-01-22,1,B,1
22,2027-02-09,2,B,2
18,2027-02-22,1,B,2
6,2027-03-03,2,B,3
24,2027-03-15,1,B,3
10,2027-03-17,1,B,3
7,2027-04-06,1,B,4
12,2027-04-15,2,B,4
17,2027-04-30,2,B,4
19,2027-05-12,2,B,5
20,2027-05-26,1,B,5
13,2027-05-27,1,B,5
9,2027-06-28,1,B,6
21,2027-07-09,2,B,7
26,2027-08-05,2,B,8
3,2027-08-12,2,B,8
14,2027-08-24,1,B,8
1,2027-08-27,2,B,8
5,2027-09-10,1,B,9
23,2027-09-27,1,B,9
0,2027-10-08,2,B,10
16,2027-10-15,2,B,10
25,2027-11-15,2,B,11
2,2027-11-19,1,B,11
15,2027-11-19,2,B,11
27,2027-12-09,2,B,12
8,2027-12-30,1,B,12
17,2027-01-06,2,C,1
18,2027-01-12,1,C,1
19,2027-01-25,1,C,1
12,2027-02-09,1,C,2
16,2027-02-10,2,C,2
14,2027-02-12,2,C,2
9,2027-03-04,2,C,3
2,2027-03-05,2,C,3
7,2027-03-12,1,C,3
13,2027-04-02,2,C,4
1,2027-04-08,1,C,4
21,2027-04-23,2,C,4
27,2027-05-06,2,C,5
24,2027-05-26,1,C,5
23,2027-06-14,2,C,6
8,2027-06-15,1,C,6
0,2027-07-08,2,C,7
5,2027-07-22,1,C,7
4,2027-08-13,2,C,8
6,2027-08-31,1,C,8
15,2027-09-16,1,C,9
11,2027-09-28,2,C,9
25,2027-10-04,1,C,10
26,2027-10-20,2,C,10
10,2027-11-03,2,C,11
20,2027-11-30,1,C,11
3,2027-12-07,2,C,12
22,2027-12-09,2,C,12
2,2027-01-11,1,D,1
23,2027-01-11,2,D,1
8,2027-01-14,2,D,1
26,2027-01-20,1,D,1
27,2027-01-29,1,D,1
9,2027-02-05,1,D,2
17,2027-03-01,1,D,3
16,2027-04-16,2,D,4
6,2027-04-27,1,D,4
24,2027-05-06,1,D,5
25,2027-05-10,2,D,5
18,2027-05-21,1,D,5
0,2027-06-04,1,D,6
20,2027-06-10,2,D,6
19,2027-07-02,2,D,7
10,2027-07-16,1,D,7
14,2027-08-10,1,D,8
22,2027-08-13,2,D,8
3,2027-09-08,1,D,9
1,2027-09-20,1,D,9
21,2027-09-21,1,D,9
4,2027-10-15,2,D,10
12,2027-10-18,1,D,10
11,2027-10-19,1,D,10
7,2027-10-25,1,D,10
5,2027-11-15,2,D,11
15,2027-11-29,1,D,11
13,2027-12-14,1,D,12
