tract_geoid,retailers,inspections,stores_inspected,poverty_rate,youth_share,minority_share,inspections_per_retailer
42003010302,1,0.0,0,0.2810218978102189,0.0349179638199411,0.2467395877156079,0.0
42003020100,34,1.0,1,0.1961708394698085,0.0158695652173913,0.3889130434782609,0.029411764705882353
42003020300,5,0.0,0,0.075207468879668,0.0285269709543568,0.216804979253112,0.0
42003030500,4,0.0,0,0.3461279461279461,0.1501007387508394,0.7750167897918065,0.0
42003040200,1,0.0,0,0.6330275229357798,0.0523311132254995,0.4633682207421503,0.0
42003040400,1,0.0,0,0.1936699321778447,0.0024953212726138,0.3487211478477854,0.0
42003040500,6,1.0,1,0.7977082415160864,0.0,0.2265498214865303,0.16666666666666666
42003040600,6,0.0,0,0.7821994009413779,0.0,0.0851519041506204,0.0
42003040900,3,0.0,0,0.5593379138038725,0.0228658536585365,0.3692073170731707,0.0
42003050100,8,0.0,0,0.4215967834577829,0.3087056128293242,0.9644902634593356,0.0
42003050600,1,0.0,0,0.14,0.1825806451612903,0.7167741935483871,0.0
42003050900,1,0.0,0,0.627831715210356,0.3766990291262136,0.9656957928802588,0.0
42003051000,1,0.0,0,0.3092948717948718,0.0289672544080604,0.6431570109151973,0.0
42003060300,3,0.0,0,0.1119676945668135,0.0367107195301027,0.197503671071953,0.0
42003070300,1,0.0,0,0.1496668375192209,0.0601829561868079,0.3625421280693308,0.0
42003070500,3,0.0,0,0.1564808596373404,0.0618936099029775,0.3275342924054867,0.0
42003070600,1,0.0,0,0.1416143064282262,0.0583732057416267,0.1492822966507177,0.0
42003070800,3,1.0,1,0.1080977845683728,0.0924369747899159,0.3827349121466769,0.3333333333333333
42003070900,1,0.0,0,0.263456090651558,0.112061206120612,0.4792979297929793,0.0
42003080200,3,0.0,0,0.0769700671960904,0.0616982284667073,0.1172877214416615,0.0
42003080400,3,0.0,0,0.1779336734693877,0.0452806122448979,0.3494897959183674,0.0
42003080700,2,0.0,0,0.1076047594412829,0.0739018087855297,0.3684754521963824,0.0
42003080900,1,0.0,0,0.1652846876727473,0.0703249866808737,0.2738412360149174,0.0
42003090100,3,0.0,0,0.0881474103585657,0.0430906389301634,0.2402179296681525,0.0
42003090200,5,0.0,0,0.1225179552175749,0.0740037950664136,0.1229601518026565,0.0
42003090300,11,1.0,1,0.0990531682447195,0.1235549132947976,0.0729768786127167,0.09090909090909091
42003101100,2,0.0,0,0.1753628874068262,0.0694389956845821,0.1067085131424087,0.0
42003101400,2,0.0,0,0.0657976412166356,0.1663563004345127,0.2200496585971446,0.0
42003101900,3,0.0,0,0.314306100606493,0.2561541205850874,0.7595433464145558,0.0
42003110200,1,0.0,0,0.0851415094339622,0.1344022636170714,0.2874322093845791,0.0
42003111300,1,0.0,0,0.0929883764529433,0.1513495046122309,0.4079262043047489,0.0
42003111400,2,0.0,0,0.1740890688259109,0.0599190283400809,0.6032388663967612,0.0
42003111500,9,0.0,0,0.1828940290478752,0.0952124798278644,0.7337278106508875,0.0
42003120300,3,0.0,0,0.3994691439946914,0.3165228931652289,0.9794293297942932,0.0
42003120900,6,0.0,0,0.3279938977879481,0.2145281737949762,0.7983706720977597,0.0
42003130600,4,0.0,0,0.5107661492238358,0.4213820731096645,0.9599399098647972,0.0
42003130700,4,0.0,0,0.5102915951972555,0.2754927163667524,0.9353041988003428,0.0
42003130800,2,0.0,0,0.3179322964318389,0.369167429094236,0.8989021043000915,0.0
42003140300,2,2.0,2,0.1114705882352941,0.1685294117647058,0.2561764705882353,1.0
42003140500,3,0.0,0,0.1035072711719418,0.092814371257485,0.4144568006843456,0.0
42003140800,4,0.0,0,0.1097587016869528,0.2443458042697104,0.2766856901289368,0.0
42003141200,1,0.0,0,0.0636515912897822,0.176554681915654,0.1887062187276626,0.0
42003141300,3,0.0,0,0.2530850347767556,0.0926436294254823,0.3347466610133559,0.0
42003141400,1,0.0,0,0.0619536297985556,0.1948899664304364,0.3228273032450578,0.0
42003151600,2,0.0,0,0.0745959386655615,0.1131371736427683,0.2117695814338997,0.0
42003151700,7,0.0,0,0.1218517630127128,0.1029023746701846,0.1676661069800911,0.0
42003160800,1,0.0,0,0.161493288590604,0.0994127516778523,0.1673657718120805,0.0
42003160900,9,0.0,0,0.2361920621704135,0.0374687760199833,0.1312794893144601,0.0
42003161000,1,0.0,0,0.388125,0.2825,0.6053125,0.0
42003170200,18,0.0,0,0.1497856377277599,0.0803858520900321,0.2344587352625937,0.0
42003170600,1,0.0,0,0.1857730746619635,0.0252792475014697,0.1987066431510876,0.0
42003180300,8,0.0,0,0.2465977136635819,0.14534567229178,0.4627109417528579,0.0
42003180700,2,0.0,0,0.2441569282136894,0.1060100166944908,0.3055091819699499,0.0
42003191400,4,0.0,0,0.166934835076428,0.083266291230893,0.1572807723250201,0.0
42003191600,2,0.0,0,0.0928671328671328,0.1480555555555555,0.2552777777777777,0.0
42003191700,3,0.0,0,0.1356516290726817,0.2054494206075791,0.1628562480425931,0.0
42003191800,2,0.0,0,0.0432281680320725,0.1206205333798152,0.116088548021614,0.0
42003191900,4,1.0,1,0.1474137931034482,0.1318965517241379,0.0913793103448275,0.25
42003192000,2,0.0,0,0.1024283935242839,0.1419676214196762,0.2910958904109589,0.0
42003202200,2,0.0,0,0.2394143252869014,0.1436485951721408,0.3874159081915314,0.0
42003202300,6,0.0,0,0.0699300699300699,0.1552,0.2098666666666666,0.0
42003241300,6,0.0,0,0.1441848114710568,0.1274561869357408,0.2676579925650557,0.0
42003250900,1,0.0,0,0.3752988047808765,0.2573705179282868,0.6071713147410358,0.0
42003260200,2,0.0,0,0.2,0.2149267831837505,0.2541332073689182,0.0
42003261300,2,0.0,0,0.3088761632068719,0.3296625222024866,0.6770870337477798,0.0
42003261400,2,0.0,0,0.3044444444444444,0.139572192513369,0.6368983957219251,0.0
42003261500,2,0.0,0,0.2085080886758538,0.2104637336504161,0.6973840665873959,0.0
42003270100,6,0.0,0,0.0555095277547638,0.1240181893344357,0.1732120711037618,0.0
42003271600,6,0.0,0,0.3099284436493739,0.2318872987477638,0.6415474060822898,0.0
42003281500,1,0.0,0,0.1501288659793814,0.2951030927835051,0.4478092783505155,0.0
42003290100,6,0.0,0,0.1581632653061224,0.2307256235827664,0.3639455782312925,0.0
42003290200,5,0.0,0,0.2216145833333333,0.1338541666666666,0.3721354166666666,0.0
42003290400,4,0.0,0,0.1139528275078147,0.1235923423423423,0.2871621621621621,0.0
42003300100,1,0.0,0,0.3742774566473988,0.2368346142897808,0.7119271278109878,0.0
42003310200,3,0.0,0,0.1397285626156693,0.154816866728224,0.1123422591566635,0.0
42003320600,4,0.0,0,0.1356606274856385,0.1771984091913389,0.1082633672116659,0.0
42003320700,1,0.0,0,0.0313568985176738,0.2069555302166476,0.1516533637400228,0.0
42003561900,2,1.0,1,0.4022925764192139,0.199235807860262,0.9759825327510916,0.5
42003562000,7,0.0,0,0.3367598684210526,0.0580121703853955,0.513184584178499,0.0
42003562300,5,1.0,1,0.2641090678503487,0.2234736218138708,0.6470065204505039,0.2
42003562400,2,0.0,0,0.447653429602888,0.3014440433212996,0.688086642599278,0.0
42003562500,4,0.0,0,0.1814529628389688,0.3183796451288919,0.7850686307331771,0.0
42003562600,3,0.0,0,0.1151951496779083,0.1629405077680939,0.4001515725653656,0.0
42003562700,3,1.0,1,0.1730371900826446,0.0677270395074397,0.3124679322729605,0.3333333333333333
42003562800,2,0.0,0,0.1147000659195781,0.1676263595649392,0.1912987843889955,0.0
42003562901,1,0.0,0,0.4150943396226415,0.3615337796713329,0.5118685331710287,0.0
42003563100,4,0.0,0,0.0312585686865917,0.1993419248697559,0.3169728544008774,0.0
42003563202,7,0.0,0,0.1758014477766287,0.0749741468459152,0.3112719751809721,0.0
42003565100,4,0.0,0,0.2232262382864792,0.1579298831385642,0.286143572621035,0.0
42003565200,3,0.0,0,0.1011317999269806,0.1526104417670682,0.6619204089083607,0.0
42003980000,1,0.0,0,,,,0.0
42003980600,2,0.0,0,1.0,0.0,0.0,0.0
42003980700,2,0.0,0,0.0239520958083832,0.0838323353293413,0.1736526946107784,0.0
42003981200,2,0.0,0,,,,0.0
