budget,n_routes,day_minutes,milp_stores,milp_prize,heuristic_stores,heuristic_prize,gain_pct,milp_minutes,heuristic_minutes,solver,status,seconds
4,1,480,4,1.618,4,1.618,0.0,118,119,gurobi,optimal,0.1
4,1,240,4,1.618,4,1.618,0.0,118,119,gurobi,optimal,0.1
4,1,120,4,1.618,4,1.618,0.0,118,119,gurobi,optimal,0.1
4,2,480,4,1.618,4,1.618,0.0,118,119,gurobi,optimal,0.2
4,2,240,4,1.618,4,1.618,0.0,118,119,gurobi,optimal,0.2
4,2,120,4,1.618,4,1.618,0.0,118,119,gurobi,optimal,0.3
8,1,480,8,3.055,8,3.055,0.0,205,210,gurobi,optimal,0.3
8,1,240,8,3.055,8,3.055,0.0,205,210,gurobi,optimal,0.3
8,1,120,5,1.937,5,1.937,0.0,118,119,gurobi,optimal,0.4
8,2,480,8,3.055,8,3.055,0.0,205,210,gurobi,optimal,0.5
8,2,240,8,3.055,8,3.055,0.0,205,210,gurobi,optimal,0.6
8,2,120,8,3.055,8,3.055,0.0,213,217,gurobi,optimal,1.0
15,1,480,15,5.147,15,5.147,0.0,374,388,gurobi,optimal,0.6
15,1,240,10,3.524,9,3.257,8.2,238,222,gurobi,optimal,32.4
15,1,120,5,1.937,5,1.937,0.0,118,119,gurobi,optimal,0.6
15,2,480,15,5.147,15,5.147,0.0,374,388,gurobi,optimal,4.5
15,2,240,15,5.147,15,5.147,0.0,378,393,gurobi,optimal,10.5
15,2,120,9,3.378,9,3.221,4.9,238,225,gurobi,maxTimeLimit,60.9
25,1,480,20,6.456,20,6.187,4.3,479,478,gurobi,maxTimeLimit,60.5
25,1,240,10,3.524,10,3.252,8.4,238,222,gurobi,optimal,34.2
25,1,120,5,1.937,5,1.814,6.7,118,116,gurobi,optimal,0.8
25,2,480,25,7.684,25,7.684,0.0,594,626,gurobi,maxTimeLimit,60.5
25,2,240,20,6.328,19,5.89,7.4,476,452,gurobi,maxTimeLimit,60.7
25,2,120,10,3.426,9,3.088,11.0,239,221,gurobi,maxTimeLimit,61.0
