fy,subset,scorer,frac,n,violations,auc,lift,lift_lo,lift_hi,c
2022,PA,model,0.1,1752,509,0.7330188545046762,1.2784731967443168,1.0814486549394902,1.5613124916499663,0.01
2022,PA,model,0.2,1752,509,0.7330188545046762,1.3571484703901209,1.2017176736307171,1.4998420697412822,0.01
2022,PA,prior_violators_first,0.1,1752,509,0.582939905514101,1.7505248386191412,1.521959619047619,1.9944722980129115,0.01
2022,PA,prior_violators_first,0.2,1752,509,0.582939905514101,1.5636710637103566,1.3954344385662913,1.7024565251449162,0.01
2022,PA,status_quo_followup,0.1,1752,509,0.49887780213596933,1.0817850126298063,0.7549327543091354,1.242993413540625,0.01
2022,PA,status_quo_followup,0.2,1752,509,0.49887780213596933,0.9736065113668259,0.8493292225636583,1.164229768886622,0.01
2022,PA,days_since_check,0.1,1752,509,0.5976604545375517,1.6128431097389841,1.4230269400310351,1.9243394448106834,0.01
2022,PA,days_since_check,0.2,1752,509,0.5976604545375517,1.593174291327533,1.512285235243798,1.8401216654767314,0.01
2022,PA,random,0.1,1752,509,0.48897796224673495,0.9834409205725513,0.7199485130974885,1.1698850586306895,0.01
2022,PA,random,0.2,1752,509,0.48897796224673495,0.9637721021611003,0.8135262345165435,1.1141176736307168,0.01
2022,Pittsburgh city,model,0.1,39,17,0.9157754010695187,1.7205882352941175,0.9285714285714286,3.0,0.01
2022,Pittsburgh city,model,0.2,39,17,0.9157754010695187,2.0073529411764706,1.2999999999999998,2.9257812499999964,0.01
2022,Pittsburgh city,prior_violators_first,0.1,39,17,0.6256684491978609,1.7205882352941175,0.0,2.5999999999999996,0.01
2022,Pittsburgh city,prior_violators_first,0.2,39,17,0.6256684491978609,1.4338235294117647,0.71296875,2.275,0.01
2022,Pittsburgh city,status_quo_followup,0.1,39,17,0.4772727272727273,0.0,0.0,1.828125,0.01
2022,Pittsburgh city,status_quo_followup,0.2,39,17,0.4772727272727273,0.8602941176470588,0.12187500000000015,1.6751838235294096,0.01
2022,Pittsburgh city,days_since_check,0.1,39,17,0.6457219251336898,2.2941176470588234,0.9750000000000001,3.0,0.01
2022,Pittsburgh city,days_since_check,0.2,39,17,0.6457219251336898,2.0073529411764706,1.2770380434782609,2.659090909090909,0.01
2022,Pittsburgh city,random,0.1,39,17,0.518716577540107,1.1470588235294117,0.0,1.95,0.01
2022,Pittsburgh city,random,0.2,39,17,0.518716577540107,0.8602941176470588,0.0,1.482187499999999,0.01
2023,PA,model,0.1,2330,456,0.7239855408264525,1.381578947368421,1.1148147490500275,1.610551948051948,0.03
2023,PA,model,0.2,2330,456,0.7239855408264525,1.5021929824561402,1.330179900744417,1.7221539721539716,0.03
2023,PA,prior_violators_first,0.1,2330,456,0.566084952910558,1.4473684210526316,1.1788522012578617,1.7371977505631049,0.03
2023,PA,prior_violators_first,0.2,2330,456,0.566084952910558,1.4473684210526316,1.2733659009981904,1.6359138257575758,0.03
2023,PA,status_quo_followup,0.1,2330,456,0.5288598363571683,1.381578947368421,1.0827651515151515,1.7381527777777777,0.03
2023,PA,status_quo_followup,0.2,2330,456,0.5288598363571683,1.1732456140350878,1.0411783439490445,1.4048585791625234,0.03
2023,PA,days_since_check,0.1,2330,456,0.5710355464434833,1.644736842105263,1.0469200731724477,1.5740800722721662,0.03
2023,PA,days_since_check,0.2,2330,456,0.5710355464434833,1.3486842105263157,1.1179451926815842,1.4817402634818364,0.03
2023,PA,random,0.1,2330,456,0.4847719953565878,0.9210526315789473,0.6840925311074565,1.1384657770537359,0.03
2023,PA,random,0.2,2330,456,0.4847719953565878,0.8333333333333333,0.6976297210672211,0.9967465753424656,0.03
2023,Pittsburgh city,model,0.1,42,13,0.6923076923076923,0.0,0.0,1.909090909090909,0.03
2023,Pittsburgh city,model,0.2,42,13,0.6923076923076923,1.2115384615384615,0.0,2.3611742424242412,0.03
2023,Pittsburgh city,prior_violators_first,0.1,42,13,0.3740053050397878,0.8076923076923077,0.0,2.423076923076923,0.03
2023,Pittsburgh city,prior_violators_first,0.2,42,13,0.3740053050397878,0.8076923076923077,0.0,1.75,0.03
2023,Pittsburgh city,status_quo_followup,0.1,42,13,0.3713527851458886,0.8076923076923077,0.0,1.3125,0.03
2023,Pittsburgh city,status_quo_followup,0.2,42,13,0.3713527851458886,0.8076923076923077,0.0,1.2352941176470589,0.03
2023,Pittsburgh city,days_since_check,0.1,42,13,0.7824933687002653,3.230769230769231,0.7774038461538462,4.2,0.03
2023,Pittsburgh city,days_since_check,0.2,42,13,0.7824933687002653,2.019230769230769,1.05,3.340909090909091,0.03
2023,Pittsburgh city,random,0.1,42,13,0.5782493368700266,1.6153846153846154,0.0,3.0,0.03
2023,Pittsburgh city,random,0.2,42,13,0.5782493368700266,1.2115384615384615,0.0,2.625,0.03
2024,PA,model,0.1,3471,390,0.6878660774473822,1.5132564841498561,1.2621418690728303,1.9100544348382964,0.01
2024,PA,model,0.2,3471,390,0.6878660774473822,1.5773775216138328,1.3559183688199647,1.816426471252228,0.01
2024,PA,prior_violators_first,0.1,3471,390,0.5649368753068851,1.6927953890489915,1.3953368592556918,2.117917867435158,0.01
2024,PA,prior_violators_first,0.2,3471,390,0.5649368753068851,1.5132564841498561,1.3228676969192172,1.7267278544991502,0.01
2024,PA,status_quo_followup,0.1,3471,390,0.5455662913306536,1.8210374639769453,1.4610689824478922,2.1660487809068143,0.01
2024,PA,status_quo_followup,0.2,3471,390,0.5455662913306536,1.2952449567723343,1.1567132623241507,1.5795603205530349,0.01
2024,PA,days_since_check,0.1,3471,390,0.5668177165256036,1.2567723342939483,0.9845225630766826,1.6314392871011907,0.01
2024,PA,days_since_check,0.2,3471,390,0.5668177165256036,1.154178674351585,1.018777740650198,1.4354395938400575,0.01
2024,PA,random,0.1,3471,390,0.49469452974808376,1.051585014409222,0.7702908279903791,1.3136384678526631,0.01
2024,PA,random,0.2,3471,390,0.49469452974808376,0.9618155619596541,0.7445448615685468,1.1488112001172275,0.01
2024,Pittsburgh city,model,0.1,71,24,0.6613475177304964,0.4226190476190476,0.0,1.4870153061224474,0.01
2024,Pittsburgh city,model,0.2,71,24,0.6613475177304964,0.8452380952380952,0.2305194805194805,1.7639751552795029,0.01
2024,Pittsburgh city,prior_violators_first,0.1,71,24,0.44991134751773054,0.8452380952380952,0.0,2.2808621933621924,0.01
2024,Pittsburgh city,prior_violators_first,0.2,71,24,0.44991134751773054,1.056547619047619,0.3169642857142857,1.6617984693877539,0.01
2024,Pittsburgh city,status_quo_followup,0.1,71,24,0.4392730496453901,0.4226190476190476,0.0,1.3523809523809522,0.01
2024,Pittsburgh city,status_quo_followup,0.2,71,24,0.4392730496453901,0.2113095238095238,0.0,1.1153467908902686,0.01
2024,Pittsburgh city,days_since_check,0.1,71,24,0.5961879432624113,1.2678571428571428,0.0,2.113095238095238,0.01
2024,Pittsburgh city,days_since_check,0.2,71,24,0.5961879432624113,1.4791666666666667,0.5071428571428571,1.8353961038961035,0.01
2024,Pittsburgh city,random,0.1,71,24,0.4308510638297872,1.2678571428571428,0.0,2.253968253968254,0.01
2024,Pittsburgh city,random,0.2,71,24,0.4308510638297872,1.056547619047619,0.35593915343915344,1.7697631987577636,0.01
2025,PA,model,0.1,2988,527,0.7271927842849399,1.7066375584649656,1.440133988033353,2.0008447016011717,0.01
2025,PA,model,0.2,2988,527,0.7271927842849399,1.687674918926466,1.5122893789728977,1.8799449026436519,0.01
2025,PA,prior_violators_first,0.1,2988,527,0.5448360650049693,1.0808704536944782,0.8102684624423755,1.3568467501588952,0.01
2025,PA,prior_violators_first,0.2,2988,527,0.5448360650049693,1.3084221281564736,1.1534554918524658,1.505885909112264,0.01
2025,PA,status_quo_followup,0.1,2988,527,0.5112645312414462,1.1946462909254758,0.91261424418565,1.3716626491805357,0.01
2025,PA,status_quo_followup,0.2,2988,527,0.5112645312414462,1.1093144130022277,0.9491604054780425,1.2388658252817275,0.01
2025,PA,days_since_check,0.1,2988,527,0.5799843786985899,1.3653100467719723,0.9983241001675449,1.4842690389773554,0.01
2025,PA,days_since_check,0.2,2988,527,0.5799843786985899,1.1756836513869762,1.0779466551602346,1.401142026578073,0.01
2025,PA,random,0.1,2988,527,0.5000535873863774,1.0808704536944782,0.8677577295268449,1.305562281061858,0.01
2025,PA,random,0.2,2988,527,0.5000535873863774,1.0145012153097295,0.858419060579873,1.1977986289473197,0.01
2025,Pittsburgh city,model,0.1,22,3,0.7017543859649122,0.0,0.0,5.133333333333354,0.01
2025,Pittsburgh city,model,0.2,22,3,0.7017543859649122,1.8333333333333335,0.0,5.5,0.01
2025,Pittsburgh city,prior_violators_first,0.1,22,3,0.5964912280701755,0.0,0.0,0.0,0.01
2025,Pittsburgh city,prior_violators_first,0.2,22,3,0.5964912280701755,0.0,0.0,1.8333333333333335,0.01
2025,Pittsburgh city,status_quo_followup,0.1,22,3,0.5614035087719298,0.0,0.0,3.666666666666667,0.01
2025,Pittsburgh city,status_quo_followup,0.2,22,3,0.5614035087719298,1.8333333333333335,0.0,5.5,0.01
2025,Pittsburgh city,days_since_check,0.1,22,3,0.3333333333333333,0.0,0.0,0.0,0.01
2025,Pittsburgh city,days_since_check,0.2,22,3,0.3333333333333333,0.0,0.0,0.0,0.01
2025,Pittsburgh city,random,0.1,22,3,0.6140350877192983,0.0,0.0,5.5,0.01
2025,Pittsburgh city,random,0.2,22,3,0.6140350877192983,1.8333333333333335,0.0,3.666666666666667,0.01
