policy,second_pass_checks,stage1_events,second_pass_events,repeat_events,new_distinct,distinct_two_pass,gain_vs_random,gain_se,hidden_sigma
random,86,87.78333333333333,21.64666666666667,6.1466666666666665,15.5,103.28333333333333,0.0,0.0,0.0
static_model,86,87.78333333333333,31.11,11.363333333333333,19.746666666666666,107.53,9.463333333333333,0.3051508146724838,0.0
violators_first,86,87.78333333333333,25.006666666666668,24.12,0.8866666666666667,88.67,3.36,0.2884456480201451,0.0
posterior_mean,86,87.78333333333333,28.003333333333334,21.69333333333333,6.31,94.09333333333333,6.3566666666666665,0.28716188331934384,0.0
thompson_posterior,86,87.78333333333333,26.6,14.026666666666667,12.573333333333334,100.35666666666667,4.953333333333333,0.27430558248545184,0.0
random,86,88.18,21.873333333333335,6.963333333333333,14.91,103.09,0.0,0.0,0.5
static_model,86,88.18,30.683333333333334,12.163333333333334,18.52,106.7,8.81,0.2842222268709673,0.5
violators_first,86,88.18,27.573333333333334,26.793333333333333,0.78,88.96000000000001,5.7,0.2955447703136611,0.5
posterior_mean,86,88.18,29.34,23.733333333333334,5.6066666666666665,93.78666666666668,7.466666666666667,0.28352508430463724,0.5
thompson_posterior,86,88.18,26.89,15.303333333333333,11.586666666666666,99.76666666666668,5.016666666666667,0.28898231202437036,0.5
random,86,88.24,22.07,8.59,13.48,101.72,0.0,0.0,1.0
static_model,86,88.24,30.83,14.533333333333333,16.296666666666667,104.53666666666666,8.76,0.29277285056675845,1.0
violators_first,86,88.24,34.056666666666665,33.42,0.6366666666666667,88.87666666666667,11.986666666666666,0.30586876957149844,1.0
posterior_mean,86,88.24,34.35333333333333,29.386666666666667,4.966666666666667,93.20666666666666,12.283333333333333,0.3028463387067421,1.0
thompson_posterior,86,88.24,29.69,18.953333333333333,10.736666666666666,98.97666666666666,7.62,0.2943291599613729,1.0
random,86,87.9,21.923333333333332,10.33,11.593333333333334,99.49333333333334,0.0,0.0,1.5
static_model,86,87.9,30.80666666666667,16.663333333333334,14.143333333333333,102.04333333333334,8.883333333333333,0.2935371618776672,1.5
violators_first,86,87.9,40.85666666666667,40.37,0.4866666666666667,88.38666666666667,18.933333333333334,0.29689336596557087,1.5
posterior_mean,86,87.9,39.26,34.93,4.33,92.23,17.336666666666666,0.29588400260096703,1.5
thompson_posterior,86,87.9,31.623333333333335,22.423333333333332,9.2,97.10000000000001,9.7,0.30203693469832804,1.5
