policy,checks,distinct_violators,events,coverage_stores,coverage_top_decile,se_rate,team_days,cost_bottom_up,cost_per_check,cost_topdown_low,cost_topdown_high
random,44,11.217364820349717,11.217364820349719,0.12753623188405797,0.12753623188405797,0.06570347474108437,4,3281.3858409171107,74.57695092993434,5104,17600
targeted_model_p,44,18.437808066965687,18.437808066965687,0.12753623188405797,1.0,,4,3285.413226047096,74.66848241016127,5104,17600
targeted,44,16.290839562710232,16.290839562710232,0.12753623188405797,1.0,,4,3285.413226047096,74.66848241016127,5104,17600
random,86,21.92484942159263,21.92484942159263,0.2492753623188406,0.2492753623188406,0.04699649295355708,8,6331.404693964312,73.62098481353851,9976,34400
targeted_model_p,86,34.69111096607451,34.69111096607451,0.2492753623188406,1.0,,8,6298.450786357607,73.23779984136753,9976,34400
targeted,86,30.943442859937363,30.943442859937363,0.2492753623188406,1.0,,8,6298.450786357607,73.23779984136753,9976,34400
random,138,35.181735118369566,35.18173511836957,0.4,0.4,0.03710010450533171,12,9974.526839106988,72.2791799935289,16008,55200
targeted_model_p,138,49.66677882203243,49.66677882203243,0.4,1.0,,12,9983.166202762051,72.34178407798588,16008,55200
targeted,138,45.62569420444005,45.62569420444005,0.4,1.0,,12,9983.166202762051,72.34178407798588,16008,55200
random,207,52.77260267755435,52.77260267755435,0.6,0.6,0.030292108480664662,18,14909.613208897092,72.02711695119368,24012,82800
targeted_model_p,207,68.51510153284126,68.51510153284126,0.6,1.0,,17,14772.724918548498,71.36582086255314,24012,82800
targeted,207,64.40659816663562,64.40659816663562,0.6,1.0,,17,14772.724918548498,71.36582086255314,24012,82800
random,276,70.36347023673913,70.36347023673915,0.8,0.8,0.026233735478449635,23,19683.64287375868,71.31754664405318,32016,110400
targeted_model_p,276,81.6649586697066,81.6649586697066,0.8,1.0,,23,19651.224326326075,71.2000881388626,32016,110400
targeted,276,79.05122080627375,79.05122080627375,0.8,1.0,,23,19651.224326326075,71.2000881388626,32016,110400
census_floor,345,87.95433779592392,87.95433779592392,1.0,1.0,0.02267147144039796,28,27096.08616770161,78.53938019623655,40020,138000
census_floor+adaptive_second_pass,379,92.86666666666666,99.69333333333333,1.0,1.0,0.02267147144039796,31,29681.331536364392,78.3148589349984,43964,151600
census_floor+random_second_pass,379,94.91333333333333,97.34666666666666,1.0,1.0,0.02267147144039796,31,29695.75825569433,78.35292415750483,43964,151600
census_floor+adaptive_second_pass,431,100.05333333333334,113.76666666666667,1.0,1.0,0.02267147144039796,36,33363.03018564635,77.40842270451589,49996,172400
census_floor+random_second_pass,431,103.17333333333333,109.13333333333333,1.0,1.0,0.02267147144039796,36,33392.41684711212,77.47660521371722,49996,172400
census_floor+adaptive_second_pass,517,118.16666666666666,138.98666666666668,1.0,1.0,0.02267147144039796,43,39507.576806912475,76.41697641569144,59972,206800
census_floor+random_second_pass,517,120.75333333333333,133.05333333333334,1.0,1.0,0.02267147144039796,43,39529.38569775857,76.45915995697982,59972,206800
