cycle,route,team,date,stop,license_id,store,address,tract,p,h,prize,random_share_pick,cand_index
1,1,1,2026-10-19,1,8e61ab27bb,BROOKLINE SUNOCO,533 BROOKLINE BLVD,42003191900,0.4384934766703252,0.5238120778692212,0.4296881791467819,False,217
1,1,1,2026-10-19,2,29e358b4d1,ADAN MARKET 2 INC,707 E WARRINGTON AVE,42003180300,0.2961931026435828,0.330735583126827,0.1604615985209694,True,58
1,1,1,2026-10-19,3,08f57b4e17,FORBES DELI,3801 FORBES AVE,42003040500,0.5032758576614194,0.4835772269268997,0.3933727436271662,False,340
1,1,1,2026-10-19,4,3e69cc5879,MAHER INC,5880 1/2 FORBES AVE,42003140300,0.2946889520718398,0.6294579597140273,0.3854943065214051,False,216
2,1,1,2026-11-30,1,b9026142f4,NS PUB INC,900 WESTERN AVE,42003562700,0.2798901536779886,0.2362251177714112,0.1286170845156412,True,337
2,1,1,2026-11-30,2,f65a12cda5,819 LIBERTY LLC,819 LIBERTY AVE,42003020100,0.3415935061215425,0.4612410606824426,0.3075569510857346,False,162
2,1,1,2026-11-30,3,da6bbafcf8,STORE,214 N CRAIG ST,42003562000,0.549075451299473,0.4340831550757795,0.3883444042747327,False,179
2,1,1,2026-11-30,4,01c17aef4f,BROOKLYN FOODMART CORPORATION,1500 LINCOLN AVE,42003561900,0.4794896737666274,0.467429027797449,0.3741273920476506,False,242
3,1,1,2026-12-23,1,2eca49ab96,COMMUNITY MARKET #96,4401 LIBERTY AVE,42003090300,0.3720002519432241,0.3859272262917641,0.2060650254122859,False,135
3,1,1,2026-12-23,2,ba2d2bec70,KEYSTONE R&M LLC DBA KEYSTONE VAPO,215 S HIGHLAND AVE,42003070800,0.1073309287574046,0.4033626227797366,0.1057932849289718,True,284
3,1,1,2026-12-23,3,7bb1dbfc47,SMOKE CONNECTION,5804 FORBES AVE,42003140300,0.40112766847798,0.4719667453792704,0.2518189201731272,False,323
3,1,1,2026-12-23,4,429b6886a9,STAR TRADING OF PITTSBURGH INC,5007 2ND AVE,42003562300,0.2773124394552899,0.4333641150723092,0.182677259923085,False,274
