delta,rho,policy,found_per_cycle,lo,hi,distinct_stores
0.0,0.0,random,1.02125,0.75,1.279166666666667,118.095
0.0,0.0,status_quo_followup,0.6998611111111112,0.4444444444444444,0.9444444444444444,67.01
0.0,0.0,prior_violators_first,1.7177777777777778,1.4166666666666667,2.0555555555555554,4.0
0.0,0.0,risk_only_topB_fixed,2.0818055555555555,1.7770833333333333,2.3895833333333334,4.0
0.0,0.0,prize_topB_fixed,1.7791666666666666,1.4993055555555557,2.138888888888889,4.0
0.0,0.0,prize_topB_at_most_once,1.3616666666666668,1.0277777777777777,1.6666666666666667,144.0
0.0,0.0,thompson_prize,1.7145833333333333,1.3888888888888888,2.029166666666667,29.52
0.0,0.0,thompson_prize+random,1.5397222222222222,1.2222222222222223,1.8888888888888888,54.185
0.0,0.0,thompson_prize+random_at_most_once,1.2255555555555555,0.9166666666666666,1.5,137.03
0.25,0.0,random,1.0133333333333332,0.75,1.2784722222222225,118.095
0.25,0.0,status_quo_followup,0.5876388888888889,0.3611111111111111,0.8333333333333334,67.01
0.25,0.0,prior_violators_first,0.7738888888888888,0.5277777777777778,1.0284722222222225,4.0
0.25,0.0,risk_only_topB_fixed,0.9327777777777777,0.6666666666666666,1.2222222222222223,4.0
0.25,0.0,prize_topB_fixed,0.79,0.5,1.0562500000000001,4.0
0.25,0.0,prize_topB_at_most_once,1.3616666666666668,1.0277777777777777,1.6666666666666667,144.0
0.25,0.0,thompson_prize,1.3195833333333333,1.0555555555555556,1.6388888888888888,29.52
0.25,0.0,thompson_prize+random,1.2704166666666667,0.9722222222222222,1.5833333333333333,54.185
0.25,0.0,thompson_prize+random_at_most_once,1.2234722222222223,0.9166666666666666,1.5,137.03
0.0,0.5,random,1.0140277777777778,0.75,1.279166666666667,118.095
0.0,0.5,status_quo_followup,0.6011111111111112,0.3881944444444445,0.8340277777777779,67.01
0.0,0.5,prior_violators_first,0.8756944444444444,0.5833333333333334,1.1388888888888888,4.0
0.0,0.5,risk_only_topB_fixed,1.0615277777777778,0.7777777777777778,1.334027777777778,4.0
0.0,0.5,prize_topB_fixed,0.8954166666666666,0.6388888888888888,1.195138888888889,4.0
0.0,0.5,prize_topB_at_most_once,1.3616666666666668,1.0277777777777777,1.6666666666666667,144.0
0.0,0.5,thompson_prize,1.4148611111111111,1.1381944444444445,1.75,29.52
0.0,0.5,thompson_prize+random,1.34375,1.0277777777777777,1.6666666666666667,54.185
0.0,0.5,thompson_prize+random_at_most_once,1.2241666666666666,0.9166666666666666,1.5,137.03
0.0,0.9,random,1.008888888888889,0.75,1.2784722222222225,118.095
0.0,0.9,status_quo_followup,0.5218055555555555,0.30486111111111114,0.75,67.01
0.0,0.9,prior_violators_first,0.2122222222222222,0.08333333333333333,0.3888888888888889,4.0
0.0,0.9,risk_only_topB_fixed,0.25833333333333336,0.13819444444444445,0.4444444444444444,4.0
0.0,0.9,prize_topB_fixed,0.2222222222222222,0.08333333333333333,0.4173611111111113,4.0
0.0,0.9,prize_topB_at_most_once,1.3616666666666668,1.0277777777777777,1.6666666666666667,144.0
0.0,0.9,thompson_prize,1.1768055555555557,0.9166666666666666,1.4722222222222223,29.52
0.0,0.9,thompson_prize+random,1.1738888888888888,0.8611111111111112,1.5006944444444446,54.185
0.0,0.9,thompson_prize+random_at_most_once,1.2233333333333334,0.9166666666666666,1.5,137.03
0.25,0.5,random,1.0065277777777777,0.75,1.2784722222222225,118.095
0.25,0.5,status_quo_followup,0.54625,0.3333333333333333,0.7777777777777778,67.01
0.25,0.5,prior_violators_first,0.40555555555555556,0.2215277777777778,0.6118055555555557,4.0
0.25,0.5,risk_only_topB_fixed,0.4930555555555556,0.27708333333333335,0.75,4.0
0.25,0.5,prize_topB_fixed,0.4211111111111111,0.2222222222222222,0.6395833333333335,4.0
0.25,0.5,prize_topB_at_most_once,1.3616666666666668,1.0277777777777777,1.6666666666666667,144.0
0.25,0.5,thompson_prize,1.1297222222222223,0.8333333333333334,1.4173611111111113,29.52
0.25,0.5,thompson_prize+random,1.1308333333333334,0.8326388888888889,1.4444444444444444,54.185
0.25,0.5,thompson_prize+random_at_most_once,1.2220833333333332,0.9166666666666666,1.5,137.03
