delta,rho,policy,found_per_cycle,lo,hi,distinct_stores,kappa
0.0,0.0,thompson_prize+random,1.4883333333333333,1.1388888888888888,1.8493055555555549,59.24,2
0.0,0.0,thompson_prize+random_at_most_once,1.1866666666666665,0.9166666666666666,1.5013888888888884,136.65,2
0.25,0.5,thompson_prize+random,1.1969444444444446,0.9020833333333333,1.5423611111111108,59.24,2
0.25,0.5,thompson_prize+random_at_most_once,1.1808333333333332,0.9166666666666666,1.4736111111111105,136.65,2
0.0,0.0,thompson_prize+random,1.5330555555555554,1.2354166666666666,1.903472222222222,54.27,5
0.0,0.0,thompson_prize+random_at_most_once,1.2183333333333333,0.9444444444444444,1.5145833333333332,136.78,5
0.25,0.5,thompson_prize+random,1.1341666666666665,0.8743055555555556,1.4736111111111105,54.27,5
0.25,0.5,thompson_prize+random_at_most_once,1.215,0.9444444444444444,1.5145833333333332,136.78,5
0.0,0.0,thompson_prize+random,1.5880555555555556,1.2909722222222222,1.9590277777777776,46.66,10
0.0,0.0,thompson_prize+random_at_most_once,1.2452777777777777,0.9576388888888889,1.5993055555555549,136.69,10
0.25,0.5,thompson_prize+random,1.0730555555555557,0.7909722222222223,1.3611111111111112,46.66,10
0.25,0.5,thompson_prize+random_at_most_once,1.2397222222222224,0.9444444444444444,1.5847222222222217,136.69,10
0.0,0.0,thompson_prize+random,1.6186111111111112,1.275,1.8902777777777773,41.99,20
0.0,0.0,thompson_prize+random_at_most_once,1.2941666666666667,1.0,1.625694444444444,137.11,20
0.25,0.5,thompson_prize+random,0.9944444444444444,0.7354166666666667,1.3055555555555556,41.99,20
0.25,0.5,thompson_prize+random_at_most_once,1.2908333333333333,1.0,1.625694444444444,137.11,20
0.0,0.0,thompson_prize+random,1.6236111111111111,1.276388888888889,1.9444444444444444,39.75,100
0.0,0.0,thompson_prize+random_at_most_once,1.3022222222222224,0.9854166666666667,1.6111111111111112,137.18,100
0.25,0.5,thompson_prize+random,0.8877777777777778,0.6243055555555556,1.125694444444444,39.75,100
0.25,0.5,thompson_prize+random_at_most_once,1.2975,0.9854166666666667,1.5979166666666664,137.18,100
