day_hours,teams,team_days,calendar_workdays,calendar_months,bottom_up_dollars,scenario,longest_cycle_route_minutes,route_fits_in_one_day,binding_constraint
4,1,61.0,61.0,2.9,28868.0,census floor,,,
4,2,61.0,31.0,1.5,28868.0,census floor,,,
4,3,61.0,21.0,1.0,28868.0,census floor,,,
4,4,61.0,16.0,0.8,28868.0,census floor,,,
4,8,61.0,8.0,0.4,28868.0,census floor,,,
8,1,28.0,28.0,1.3,27096.0,census floor,,,
8,2,28.0,14.0,0.7,27096.0,census floor,,,
8,3,28.0,10.0,0.5,27096.0,census floor,,,
8,4,28.0,7.0,0.3,27096.0,census floor,,,
8,8,28.0,4.0,0.2,27096.0,census floor,,,
4,1,,,,,capped plan,113.2,True,budget (stores per cycle)
4,2,,,,,capped plan,113.2,True,budget (stores per cycle)
4,3,,,,,capped plan,113.2,True,budget (stores per cycle)
8,1,,,,,capped plan,113.2,True,budget (stores per cycle)
8,2,,,,,capped plan,113.2,True,budget (stores per cycle)
8,3,,,,,capped plan,113.2,True,budget (stores per cycle)
