cycle,route,team,date,stop,license_id,store,address,tract,p,h,prize,random_share_pick,viol_12m,viol_36m,n_prior_checks,days_since_check,site,outlet_type,why_us
1,1,1,2026-10-19,1,8e61ab27bb,BROOKLINE SUNOCO,533 BROOKLINE BLVD,42003191900,0.43849347667032523,0.5238120778692212,0.4296881791467819,False,0,2,4,607.0,0.4757692516858719,convenience_gas,"2 violation(s) in the last 36 months; 607 days since last recorded check; outlet type: convenience gas; model violation probability 44%, exposure 0.52"
1,1,1,2026-10-19,2,29e358b4d1,ADAN MARKET 2 INC,707 E WARRINGTON AVE,42003180300,0.29619310264358284,0.330735583126827,0.16046159852096947,True,0,0,4,703.0,0.17898751134080854,convenience_independent,"selected by simple random draw (reserved random share); 703 days since last recorded check; outlet type: convenience independent; model violation probability 30%, exposure 0.33"
1,1,1,2026-10-19,3,08f57b4e17,FORBES DELI,3801 FORBES AVE,42003040500,0.5032758576614194,0.4835772269268997,0.39337274362716623,False,0,1,9,850.0,0.4589430673172492,restaurant_deli,"1 violation(s) in the last 36 months; 850 days since last recorded check; outlet type: restaurant deli; model violation probability 50%, exposure 0.48"
1,1,1,2026-10-19,4,3e69cc5879,MAHER INC,5880 1/2 FORBES AVE,42003140300,0.29468895207183987,0.6294579597140273,0.38549430652140515,False,0,2,11,575.0,0.3960991185382572,other,"2 violation(s) in the last 36 months; 575 days since last recorded check; outlet type: other; model violation probability 29%, exposure 0.63"
2,1,1,2026-11-30,1,b9026142f4,NS PUB INC,900 WESTERN AVE,42003562700,0.27989015367798864,0.23622511777141122,0.12861708451564124,True,0,0,0,1825.0,0.08634941497632329,bar_tavern,"selected by simple random draw (reserved random share); no FDA check on record in the data; outlet type: bar tavern; model violation probability 28%, exposure 0.24"
2,1,1,2026-11-30,2,f65a12cda5,819 LIBERTY LLC,819 LIBERTY AVE,42003020100,0.3415935061215425,0.4612410606824426,0.30755695108573466,False,0,1,3,653.0,0.801858840421156,other,"1 violation(s) in the last 36 months; 653 days since last recorded check; close to schools or youth sites; outlet type: other; model violation probability 34%, exposure 0.46"
2,1,1,2026-11-30,3,da6bbafcf8,STORE,214 N CRAIG ST,42003562000,0.549075451299473,0.4340831550757795,0.3883444042747327,False,0,1,1,863.0,0.5112344086186307,convenience_independent,"1 violation(s) in the last 36 months; 863 days since last recorded check; close to schools or youth sites; outlet type: convenience independent; model violation probability 55%, exposure 0.43"
2,1,1,2026-11-30,4,01c17aef4f,BROOKLYN FOODMART CORPORATION,1500 LINCOLN AVE,42003561900,0.47948967376662743,0.46742902779744905,0.37412739204765066,False,0,1,3,835.0,0.34517667483625847,convenience_independent,"1 violation(s) in the last 36 months; 835 days since last recorded check; outlet type: convenience independent; model violation probability 48%, exposure 0.47"
3,1,1,2026-12-23,1,2eca49ab96,COMMUNITY MARKET #96,4401 LIBERTY AVE,42003090300,0.3720002519432241,0.3859272262917641,0.2060650254122859,False,0,0,5,1825.0,0.33344695741016145,convenience_independent,"1825 days since last recorded check; outlet type: convenience independent; model violation probability 37%, exposure 0.39"
3,1,1,2026-12-23,2,ba2d2bec70,KEYSTONE R&M LLC DBA KEYSTONE VAPO,215 S HIGHLAND AVE,42003070800,0.10733092875740465,0.4033626227797366,0.1057932849289718,True,0,0,1,1136.0,0.4928254483259211,other,"selected by simple random draw (reserved random share); 1136 days since last recorded check; outlet type: other; model violation probability 11%, exposure 0.40"
3,1,1,2026-12-23,3,7bb1dbfc47,SMOKE CONNECTION,5804 FORBES AVE,42003140300,0.40112766847798,0.4719667453792704,0.2518189201731272,False,0,0,0,1825.0,0.564871082701365,tobacco_shop,"no FDA check on record in the data; close to schools or youth sites; outlet type: tobacco shop; model violation probability 40%, exposure 0.47"
3,1,1,2026-12-23,4,429b6886a9,STAR TRADING OF PITTSBURGH INC,5007 2ND AVE,42003562300,0.27731243945528994,0.4333641150723092,0.18267725992308503,False,0,0,0,1825.0,0.512481210130016,other,"no FDA check on record in the data; close to schools or youth sites; outlet type: other; model violation probability 28%, exposure 0.43"
